uuid_ts,timestamp,sent_at,received_at,original_timestamp,last_name,first_name,email,context_screen_height,context_screen_width,context_screen_density,context_screen_inner_height,context_screen_inner_width,context_campaign_term,context_campaign_source,context_campaign_name,context_campaign_medium,context_campaign_content,anonymous_id,user_id,context_ip,id,context_session_start,context_session_id,context_library_version,context_page_url,state,address_country,currency
2024-11-23T03:37:28.000000Z,2024-11-23T03:37:28.000000Z,2024-11-23T03:37:28.000000Z,2024-11-23T03:37:28.000000Z,2024-11-23T03:37:28.000000Z,Nicholson,Christopher,nicholson.christopher994@example.org,1169,1800,2,858,1340,abandon cart,email,cmpn_125,email,gsf4dsgs,e79e4db197cb463c5a615b9467536843,nicholson.christopher994@example.org,29.73.82.32,VOYe8acYNA785U9d,2024-11-15T03:36:32.000000Z,1731621992,1.1.4,www.choixcart.com/signup,VA,US,usd
2025-01-03T12:37:04.000000Z,2025-01-03T12:37:04.000000Z,2025-01-03T12:37:04.000000Z,2025-01-03T12:37:04.000000Z,2025-01-03T12:37:04.000000Z,Nicholson,Christopher,nicholson.christopher994@example.org,900,1600,1,739,1600,paid users,bing,cmpn_830,ppc,cdasareravf,e79e4db197cb463c5a615b9467536843,nicholson.christopher994@example.org,220.160.141.46,kzhGKPmiFX8VQAXT,2024-12-20T12:36:47.000000Z,1734678407,1.1.4,www.choixcart.com/signup,DE,US,usd
2024-11-10T09:26:27.000000Z,2024-11-10T09:26:27.000000Z,2024-11-10T09:26:27.000000Z,2024-11-10T09:26:27.000000Z,2024-11-10T09:26:27.000000Z,Parsons,Daniel,daniel.parsons285@example.net,864,1536,1,738,1522,brand launch,email,cmpn_421,email,53dsvdsa,c24f523c4a06e9e8ce68e5fc60305b8b,daniel.parsons285@example.net,62.33.122.6,NyAiu4zuX0V5DuOR,2024-10-21T09:25:02.000000Z,1729482902,0.10.4,www.choixcart.com/signup,SC,US,usd
2024-12-15T18:26:52.000000Z,2024-12-15T18:26:52.000000Z,2024-12-15T18:26:52.000000Z,2024-12-15T18:26:52.000000Z,2024-12-15T18:26:52.000000Z,Parsons,Daniel,daniel.parsons285@example.net,1080,1920,1,969,1920,new users,google,cmpn_533,ppc,gfaa4rvdsa,c24f523c4a06e9e8ce68e5fc60305b8b,daniel.parsons285@example.net,130.132.145.163,zto7DJKhQPDqLZxW,2024-12-05T18:25:45.000000Z,1733403345,0.10.4,www.choixcart.com/signup,WV,US,usd
2025-02-19T21:31:31.000000Z,2025-02-19T21:31:31.000000Z,2025-02-19T21:31:31.000000Z,2025-02-19T21:31:31.000000Z,2025-02-19T21:31:31.000000Z,Parsons,Daniel,daniel.parsons285@example.net,720,1280,1,551,1280,paid users,bing,cmpn_830,ppc,cdasareravf,c24f523c4a06e9e8ce68e5fc60305b8b,daniel.parsons285@example.net,179.195.68.95,9UNPSenWNKeNdqtc,2025-02-12T21:29:54.000000Z,1739375994,0.10.4,www.choixcart.com/signup,CA,US,usd
2024-11-06T18:54:16.000000Z,2024-11-06T18:54:16.000000Z,2024-11-06T18:54:16.000000Z,2024-11-06T18:54:16.000000Z,2024-11-06T18:54:16.000000Z,Vang,James,jamesvang@example.com,864,1536,1,738,1522,,,,,,72da181860abcd96fb0e11a3b62c6ce5,jamesvang@example.com,138.28.119.13,DNS5mCQajS7fln6B,2024-10-31T18:52:28.000000Z,1730380948,0.10.4,www.choixcart.com/signup,ND,US,usd
2024-12-26T01:27:33.000000Z,2024-12-26T01:27:33.000000Z,2024-12-26T01:27:33.000000Z,2024-12-26T01:27:33.000000Z,2024-12-26T01:27:33.000000Z,Vang,James,jamesvang@example.com,864,1536,1,738,1522,,,,,,72da181860abcd96fb0e11a3b62c6ce5,jamesvang@example.com,117.5.250.255,CgTRNnrXMu0seqf9,2024-12-26T01:26:23.000000Z,1735156583,0.10.4,www.choixcart.com/login,GA,US,usd
2025-01-27T07:59:30.000000Z,2025-01-27T07:59:30.000000Z,2025-01-27T07:59:30.000000Z,2025-01-27T07:59:30.000000Z,2025-01-27T07:59:30.000000Z,Vang,James,jamesvang@example.com,780,360,3,649,360,,,,,,72da181860abcd96fb0e11a3b62c6ce5,jamesvang@example.com,46.78.50.119,gs2BwONId4e1pmkI,2025-01-20T07:58:08.000000Z,1737340088,1.0.2,www.choixcart.com/signup,NV,US,usd
2025-03-07T16:08:40.000000Z,2025-03-07T16:08:40.000000Z,2025-03-07T16:08:40.000000Z,2025-03-07T16:08:40.000000Z,2025-03-07T16:08:40.000000Z,Vang,James,jamesvang@example.com,1169,1800,2,858,1340,,,,,,72da181860abcd96fb0e11a3b62c6ce5,jamesvang@example.com,32.115.81.9,lTyubKhLD16CGhUV,2025-03-07T16:08:27.000000Z,1741343907,1.0.2,www.choixcart.com/login,OK,US,usd
2025-04-06T03:28:48.000000Z,2025-04-06T03:28:48.000000Z,2025-04-06T03:28:48.000000Z,2025-04-06T03:28:48.000000Z,2025-04-06T03:28:48.000000Z,Vang,James,jamesvang@example.com,864,1536,1,738,1522,christmas sale,google,cmpn_232,ppc,53454fasdf,72da181860abcd96fb0e11a3b62c6ce5,jamesvang@example.com,6.88.10.137,c2DPPZnG87gK6AU6,2025-04-03T03:27:10.000000Z,1743631030,0.10.4,www.choixcart.com/signup,MT,US,usd
2025-05-09T13:43:11.000000Z,2025-05-09T13:43:11.000000Z,2025-05-09T13:43:11.000000Z,2025-05-09T13:43:11.000000Z,2025-05-09T13:43:11.000000Z,Vang,James,jamesvang@example.com,600,800,1,1024,1280,,,,,,72da181860abcd96fb0e11a3b62c6ce5,jamesvang@example.com,216.91.241.109,v1vAk4HdYBf62IPo,2025-05-09T13:42:48.000000Z,1746778368,0.10.4,www.choixcart.com/login,AZ,US,usd
2025-07-13T23:07:19.000000Z,2025-07-13T23:07:19.000000Z,2025-07-13T23:07:19.000000Z,2025-07-13T23:07:19.000000Z,2025-07-13T23:07:19.000000Z,Vang,James,jamesvang@example.com,780,360,3,649,360,,,,,,72da181860abcd96fb0e11a3b62c6ce5,jamesvang@example.com,126.36.235.85,8TVrV0Cw469Jselh,2025-07-02T23:06:16.000000Z,1751477776,1.0.2,www.choixcart.com/signup,DE,US,usd
2025-08-30T07:24:10.000000Z,2025-08-30T07:24:10.000000Z,2025-08-30T07:24:10.000000Z,2025-08-30T07:24:10.000000Z,2025-08-30T07:24:10.000000Z,Vang,James,jamesvang@example.com,1080,1920,1,993,1920,,,,,,72da181860abcd96fb0e11a3b62c6ce5,jamesvang@example.com,206.159.143.186,7c660P5OerP6lMMN,2025-08-30T07:23:48.000000Z,1756518828,1.0.2,www.choixcart.com/login,NE,US,usd
2025-10-15T20:30:20.000000Z,2025-10-15T20:30:20.000000Z,2025-10-15T20:30:20.000000Z,2025-10-15T20:30:20.000000Z,2025-10-15T20:30:20.000000Z,Vang,James,jamesvang@example.com,1080,1920,1,993,1920,,,,,,72da181860abcd96fb0e11a3b62c6ce5,jamesvang@example.com,44.67.72.103,PmHSCjStsmwuU7jH,2025-09-26T20:28:45.000000Z,1758898725,0.10.4,www.choixcart.com/signup,NY,US,usd
2025-11-18T07:34:14.000000Z,2025-11-18T07:34:14.000000Z,2025-11-18T07:34:14.000000Z,2025-11-18T07:34:14.000000Z,2025-11-18T07:34:14.000000Z,Vang,James,jamesvang@example.com,1169,1800,2,858,1340,,,,,,72da181860abcd96fb0e11a3b62c6ce5,jamesvang@example.com,71.161.162.59,ZPSP8H8BYRiHtk76,2025-11-18T07:34:11.000000Z,1763431451,0.10.4,www.choixcart.com/login,CT,US,usd
2024-11-10T13:03:22.000000Z,2024-11-10T13:03:22.000000Z,2024-11-10T13:03:22.000000Z,2024-11-10T13:03:22.000000Z,2024-11-10T13:03:22.000000Z,Wiggins,Melissa,melissawiggins@example.com,1080,1920,1,969,1920,,,,,,1c1718a7d4052c70dde6e1400e87187f,melissawiggins@example.com,167.27.98.106,CXqlGyJqJ5gVxJud,2024-10-26T09:57:13.000000Z,1729916833,1.1.4,www.choixcart.com/login,IL,US,usd
2024-12-28T07:58:50.000000Z,2024-12-28T07:58:50.000000Z,2024-12-28T07:58:50.000000Z,2024-12-28T07:58:50.000000Z,2024-12-28T07:58:50.000000Z,Wiggins,Melissa,melissawiggins@example.com,720,1280,1,551,1280,,,,,,1c1718a7d4052c70dde6e1400e87187f,melissawiggins@example.com,32.91.159.164,tm8G9VkOkEomXBad,2024-12-17T05:05:29.000000Z,1734392129,1.0.2,www.choixcart.com/login,ID,US,usd
2025-02-13T17:51:03.000000Z,2025-02-13T17:51:03.000000Z,2025-02-13T17:51:03.000000Z,2025-02-13T17:51:03.000000Z,2025-02-13T17:51:03.000000Z,Wiggins,Melissa,melissawiggins@example.com,720,1280,1,551,1280,,,,,,1c1718a7d4052c70dde6e1400e87187f,melissawiggins@example.com,12.110.43.37,oA93jMiyxTB1tZLI,2025-02-08T13:43:49.000000Z,1739002429,0.10.4,www.choixcart.com/login,ID,US,usd
2025-03-31T08:33:25.000000Z,2025-03-31T08:33:25.000000Z,2025-03-31T08:33:25.000000Z,2025-03-31T08:33:25.000000Z,2025-03-31T08:33:25.000000Z,Wiggins,Melissa,melissawiggins@example.com,900,1600,1,739,1600,,,,,,1c1718a7d4052c70dde6e1400e87187f,melissawiggins@example.com,148.39.113.2,PO6arTNFWrJBCilh,2025-03-21T05:21:35.000000Z,1742514695,1.1.4,www.choixcart.com/login,WY,US,usd
2025-05-31T01:43:59.000000Z,2025-05-31T01:43:59.000000Z,2025-05-31T01:43:59.000000Z,2025-05-31T01:43:59.000000Z,2025-05-31T01:43:59.000000Z,Wiggins,Melissa,melissawiggins@example.com,1169,1800,2,858,1340,,,,,,1c1718a7d4052c70dde6e1400e87187f,melissawiggins@example.com,170.108.36.114,qaxapdI1bPvIrHPc,2025-05-13T23:07:09.000000Z,1747157829,1.0.2,www.choixcart.com/login,CT,US,usd
2025-07-06T18:57:54.000000Z,2025-07-06T18:57:54.000000Z,2025-07-06T18:57:54.000000Z,2025-07-06T18:57:54.000000Z,2025-07-06T18:57:54.000000Z,Wiggins,Melissa,melissawiggins@example.com,1080,1920,1,969,1920,,,,,,1c1718a7d4052c70dde6e1400e87187f,melissawiggins@example.com,37.252.66.127,EFiJB1RN7EqUteNn,2025-07-01T16:25:27.000000Z,1751367327,1.0.2,www.choixcart.com/login,IL,US,usd
2024-11-18T02:59:00.000000Z,2024-11-18T02:59:00.000000Z,2024-11-18T02:59:00.000000Z,2024-11-18T02:59:00.000000Z,2024-11-18T02:59:00.000000Z,Nguyen,Veronica,veronicanguyen@example.com,854,385,1,726,384,,,,,,f271d9ee351638fa555dd54a9ae20e66,veronicanguyen@example.com,124.221.200.62,9Sko7hzqMm7yekCK,2024-11-02T02:57:09.000000Z,1730496429,1.1.4,www.choixcart.com/signup,KS,US,usd
2025-01-11T09:49:14.000000Z,2025-01-11T09:49:14.000000Z,2025-01-11T09:49:14.000000Z,2025-01-11T09:49:14.000000Z,2025-01-11T09:49:14.000000Z,Nguyen,Veronica,veronicanguyen@example.com,1080,1920,1,969,1920,,,,,,f271d9ee351638fa555dd54a9ae20e66,veronicanguyen@example.com,208.160.226.161,QskGHnYYJKi9t36N,2025-01-02T09:47:51.000000Z,1735791471,0.10.4,www.choixcart.com/signup,TN,US,usd
2025-03-21T13:16:08.000000Z,2025-03-21T13:16:08.000000Z,2025-03-21T13:16:08.000000Z,2025-03-21T13:16:08.000000Z,2025-03-21T13:16:08.000000Z,Nguyen,Veronica,veronicanguyen@example.com,1080,1920,1,969,1920,,,,,,f271d9ee351638fa555dd54a9ae20e66,veronicanguyen@example.com,161.191.90.49,r5l2Roq59g0U2EqE,2025-02-28T13:15:34.000000Z,1740728734,1.1.4,www.choixcart.com/signup,WA,US,usd
2025-04-21T20:05:00.000000Z,2025-04-21T20:05:00.000000Z,2025-04-21T20:05:00.000000Z,2025-04-21T20:05:00.000000Z,2025-04-21T20:05:00.000000Z,Nguyen,Veronica,veronicanguyen@example.com,900,1600,1,739,1600,,,,,,f271d9ee351638fa555dd54a9ae20e66,veronicanguyen@example.com,193.80.79.203,U2jKu7mYleyORLdR,2025-04-16T20:03:20.000000Z,1744814000,0.10.4,www.choixcart.com/signup,NE,US,usd
2025-06-28T03:44:42.000000Z,2025-06-28T03:44:42.000000Z,2025-06-28T03:44:42.000000Z,2025-06-28T03:44:42.000000Z,2025-06-28T03:44:42.000000Z,Nguyen,Veronica,veronicanguyen@example.com,1080,1920,1,993,1920,,,,,,f271d9ee351638fa555dd54a9ae20e66,veronicanguyen@example.com,189.17.59.81,5ft8njZSv9qnHpZq,2025-06-14T03:43:50.000000Z,1749852830,1.0.2,www.choixcart.com/signup,UT,US,usd
2025-09-03T08:45:22.000000Z,2025-09-03T08:45:22.000000Z,2025-09-03T08:45:22.000000Z,2025-09-03T08:45:22.000000Z,2025-09-03T08:45:22.000000Z,Nguyen,Veronica,veronicanguyen@example.com,720,1280,1,551,1280,similar items,twitter,cmpn_80,paidsocial,13vfs5asdfa,f271d9ee351638fa555dd54a9ae20e66,veronicanguyen@example.com,176.155.237.153,PpsKDCThHQW6xr9h,2025-08-19T08:44:46.000000Z,1755573286,0.10.4,www.choixcart.com/signup,TN,US,usd
2024-10-25T18:27:26.000000Z,2024-10-25T18:27:26.000000Z,2024-10-25T18:27:26.000000Z,2024-10-25T18:27:26.000000Z,2024-10-25T18:27:26.000000Z,Miller,Cindy,cindymiller@example.com,1080,1920,1,969,1920,,,,,,2f99f1981bd152cc2b1131703db43ccc,cindymiller@example.com,207.88.174.169,tiuliBchs0GqvRrU,2024-10-13T16:05:03.000000Z,1728815703,1.1.4,www.choixcart.com/signup,NC,US,usd
2024-11-11T03:35:47.000000Z,2024-11-11T03:35:47.000000Z,2024-11-11T03:35:47.000000Z,2024-11-11T03:35:47.000000Z,2024-11-11T03:35:47.000000Z,Miller,Cindy,cindymiller@example.com,1080,1920,1,969,1920,,,,,,2f99f1981bd152cc2b1131703db43ccc,cindymiller@example.com,172.222.222.88,EQLnwI110F4TaPT6,2024-11-11T03:34:37.000000Z,1731276277,1.1.4,www.choixcart.com/login,NY,US,usd
2025-01-10T15:55:34.000000Z,2025-01-10T15:55:34.000000Z,2025-01-10T15:55:34.000000Z,2025-01-10T15:55:34.000000Z,2025-01-10T15:55:34.000000Z,Miller,Cindy,cindymiller@example.com,1080,1920,1,993,1920,topoffers,email,cmpn_90,email,4sdf4sda,2f99f1981bd152cc2b1131703db43ccc,cindymiller@example.com,22.136.181.139,QvT7HSPyHFkyRhBd,2024-12-27T12:29:27.000000Z,1735282767,1.0.2,www.choixcart.com/signup,LA,US,usd
2025-02-05T02:16:22.000000Z,2025-02-05T02:16:22.000000Z,2025-02-05T02:16:22.000000Z,2025-02-05T02:16:22.000000Z,2025-02-05T02:16:22.000000Z,Miller,Cindy,cindymiller@example.com,1169,1800,2,858,1340,christmas sale,google,cmpn_232,ppc,53454fasdf,2f99f1981bd152cc2b1131703db43ccc,cindymiller@example.com,63.174.224.124,T3mk9lRPSRcaEqba,2025-02-05T02:16:10.000000Z,1738701970,1.0.2,www.choixcart.com/login,AZ,US,usd
2025-03-15T00:21:04.000000Z,2025-03-15T00:21:04.000000Z,2025-03-15T00:21:04.000000Z,2025-03-15T00:21:04.000000Z,2025-03-15T00:21:04.000000Z,Miller,Cindy,cindymiller@example.com,1080,1920,1,969,1920,,,,,,2f99f1981bd152cc2b1131703db43ccc,cindymiller@example.com,15.146.112.74,SZ52ZnT5SAhdkxsF,2025-03-05T19:42:29.000000Z,1741183949,1.1.4,www.choixcart.com/signup,AK,US,usd
2025-04-16T11:09:34.000000Z,2025-04-16T11:09:34.000000Z,2025-04-16T11:09:34.000000Z,2025-04-16T11:09:34.000000Z,2025-04-16T11:09:34.000000Z,Miller,Cindy,cindymiller@example.com,720,1280,1,551,1280,,,,,,2f99f1981bd152cc2b1131703db43ccc,cindymiller@example.com,200.7.22.56,1xJH34bOFJPUTvOm,2025-04-16T11:09:05.000000Z,1744781945,1.0.2,www.choixcart.com/login,WI,US,usd
2025-06-25T09:33:26.000000Z,2025-06-25T09:33:26.000000Z,2025-06-25T09:33:26.000000Z,2025-06-25T09:33:26.000000Z,2025-06-25T09:33:26.000000Z,Miller,Cindy,cindymiller@example.com,1169,1800,2,858,1340,,,,,,2f99f1981bd152cc2b1131703db43ccc,cindymiller@example.com,201.204.104.22,bCVWQh2oQBOzXMMl,2025-06-16T08:18:29.000000Z,1750042109,1.1.4,www.choixcart.com/signup,WA,US,usd
2025-08-26T15:21:26.000000Z,2025-08-26T15:21:26.000000Z,2025-08-26T15:21:26.000000Z,2025-08-26T15:21:26.000000Z,2025-08-26T15:21:26.000000Z,Miller,Cindy,cindymiller@example.com,1080,1920,1,969,1920,,,,,,2f99f1981bd152cc2b1131703db43ccc,cindymiller@example.com,92.74.4.102,FBfm14aymMghwuuo,2025-08-10T12:20:22.000000Z,1754808622,1.1.4,www.choixcart.com/login,NC,US,usd
2024-12-02T09:14:52.000000Z,2024-12-02T09:14:52.000000Z,2024-12-02T09:14:52.000000Z,2024-12-02T09:14:52.000000Z,2024-12-02T09:14:52.000000Z,Salazar,Brandon,salazar.brandon906@example.org,600,800,1,1024,1280,,,,,,e5470a417db010f5b0696ee888094592,salazar.brandon906@example.org,203.155.79.112,cNa8Tzcs7zf72dm8,2024-11-15T04:39:25.000000Z,1731625765,0.10.4,www.choixcart.com/login,AZ,US,usd
2025-02-07T19:56:45.000000Z,2025-02-07T19:56:45.000000Z,2025-02-07T19:56:45.000000Z,2025-02-07T19:56:45.000000Z,2025-02-07T19:56:45.000000Z,Salazar,Brandon,salazar.brandon906@example.org,900,1600,1,739,1600,,,,,,e5470a417db010f5b0696ee888094592,salazar.brandon906@example.org,24.255.136.196,O6xvpFQp0LwYTV2E,2025-01-25T16:31:57.000000Z,1737802917,1.0.2,www.choixcart.com/login,SC,US,usd
2024-10-29T14:05:30.000000Z,2024-10-29T14:05:30.000000Z,2024-10-29T14:05:30.000000Z,2024-10-29T14:05:30.000000Z,2024-10-29T14:05:30.000000Z,Sweeney,Shawn,sweeney.shawn993@example.org,1080,1920,1,969,1920,,,,,,75b43a501b1eed4f49258e1dc76ea562,sweeney.shawn993@example.org,111.122.235.172,bzzV4saBstugXhI3,2024-10-13T14:04:29.000000Z,1728808469,1.1.4,www.choixcart.com/signup,ID,US,usd
2024-11-23T23:42:58.000000Z,2024-11-23T23:42:58.000000Z,2024-11-23T23:42:58.000000Z,2024-11-23T23:42:58.000000Z,2024-11-23T23:42:58.000000Z,Sweeney,Shawn,sweeney.shawn993@example.org,1169,1800,2,858,1340,paid users,bing,cmpn_830,ppc,cdasareravf,75b43a501b1eed4f49258e1dc76ea562,sweeney.shawn993@example.org,1.2.163.219,YVc5ehgL6CIstMPZ,2024-11-20T23:41:59.000000Z,1732126319,0.10.4,www.choixcart.com/signup,KS,US,usd
2025-01-04T05:41:36.000000Z,2025-01-04T05:41:36.000000Z,2025-01-04T05:41:36.000000Z,2025-01-04T05:41:36.000000Z,2025-01-04T05:41:36.000000Z,Sweeney,Shawn,sweeney.shawn993@example.org,900,1600,1,739,1600,,,,,,75b43a501b1eed4f49258e1dc76ea562,sweeney.shawn993@example.org,36.60.100.53,vFsq69AUBr2AWPYU,2024-12-16T05:41:02.000000Z,1734307862,1.0.2,www.choixcart.com/signup,NY,US,usd
2025-03-05T14:38:43.000000Z,2025-03-05T14:38:43.000000Z,2025-03-05T14:38:43.000000Z,2025-03-05T14:38:43.000000Z,2025-03-05T14:38:43.000000Z,Sweeney,Shawn,sweeney.shawn993@example.org,600,800,1,1024,1280,,,,,,75b43a501b1eed4f49258e1dc76ea562,sweeney.shawn993@example.org,64.216.212.133,MHcKgjCRPR0t6HAe,2025-02-15T14:38:43.000000Z,1739610523,1.1.4,www.choixcart.com/signup,PA,US,usd
2024-10-05T10:52:34.000000Z,2024-10-05T10:52:34.000000Z,2024-10-05T10:52:34.000000Z,2024-10-05T10:52:34.000000Z,2024-10-05T10:52:34.000000Z,Fuller,Sean,seanfuller@example.com,864,1536,1,738,1522,,,,,,2798abfb1361357b7d0fe2db396ff03f,seanfuller@example.com,62.244.84.234,1yCYRoMv7X4g1IGP,2024-10-02T10:51:22.000000Z,1727846482,1.1.4,www.choixcart.com/signup,CT,US,usd
2024-11-01T14:23:07.000000Z,2024-11-01T14:23:07.000000Z,2024-11-01T14:23:07.000000Z,2024-11-01T14:23:07.000000Z,2024-11-01T14:23:07.000000Z,Fuller,Sean,seanfuller@example.com,1080,1920,1,993,1920,,,,,,2798abfb1361357b7d0fe2db396ff03f,seanfuller@example.com,165.125.199.100,8bt04voD4bPOc60k,2024-10-27T14:23:07.000000Z,1730019187,0.10.4,www.choixcart.com/signup,MN,US,usd
2024-11-02T11:33:13.000000Z,2024-11-02T11:33:13.000000Z,2024-11-02T11:33:13.000000Z,2024-11-02T11:33:13.000000Z,2024-11-02T11:33:13.000000Z,Lopez,Richard,richardlopez@example.com,600,800,1,1024,1280,,,,,,2f0f7d0383268ac0e501a3f3e7aaa40d,richardlopez@example.com,187.162.94.191,vzLBREPCI65XBcZX,2024-10-13T07:38:02.000000Z,1728785282,0.10.4,www.choixcart.com/login,ME,US,usd
2024-12-10T06:38:47.000000Z,2024-12-10T06:38:47.000000Z,2024-12-10T06:38:47.000000Z,2024-12-10T06:38:47.000000Z,2024-12-10T06:38:47.000000Z,Lopez,Richard,richardlopez@example.com,1440,2560,2,1319,2560,christmas sale,bing,cmpn_232,ppc,53454fasdf,2f0f7d0383268ac0e501a3f3e7aaa40d,richardlopez@example.com,53.245.7.154,LYUJDVseAY0sATwE,2024-12-06T01:52:40.000000Z,1733430160,0.10.4,www.choixcart.com/login,VT,US,usd
2024-12-30T15:35:22.000000Z,2024-12-30T15:35:22.000000Z,2024-12-30T15:35:22.000000Z,2024-12-30T15:35:22.000000Z,2024-12-30T15:35:22.000000Z,Lopez,Richard,richardlopez@example.com,600,800,1,1024,1280,,,,,,2f0f7d0383268ac0e501a3f3e7aaa40d,richardlopez@example.com,116.38.191.15,js4mRoWLHiCRyZvg,2024-12-25T13:24:54.000000Z,1735113294,1.1.4,www.choixcart.com/login,ID,US,usd
2025-02-04T01:22:10.000000Z,2025-02-04T01:22:10.000000Z,2025-02-04T01:22:10.000000Z,2025-02-04T01:22:10.000000Z,2025-02-04T01:22:10.000000Z,Lopez,Richard,richardlopez@example.com,1440,2560,2,1319,2560,abandon cart,twitter,cmpn_125,paidsocial,gts23ds,2f0f7d0383268ac0e501a3f3e7aaa40d,richardlopez@example.com,85.190.61.138,utGK60sAEk7V4ZX3,2025-01-15T23:46:58.000000Z,1736965018,1.0.2,www.choixcart.com/login,RI,US,usd
2025-04-10T21:14:31.000000Z,2025-04-10T21:14:31.000000Z,2025-04-10T21:14:31.000000Z,2025-04-10T21:14:31.000000Z,2025-04-10T21:14:31.000000Z,Lopez,Richard,richardlopez@example.com,1080,1920,1,969,1920,christmas sale,google,cmpn_232,ppc,53454fasdf,2f0f7d0383268ac0e501a3f3e7aaa40d,richardlopez@example.com,35.2.176.109,gLuTyk8uYHzoSybO,2025-03-28T18:44:10.000000Z,1743167650,1.0.2,www.choixcart.com/login,NY,US,usd
2025-06-12T10:26:59.000000Z,2025-06-12T10:26:59.000000Z,2025-06-12T10:26:59.000000Z,2025-06-12T10:26:59.000000Z,2025-06-12T10:26:59.000000Z,Lopez,Richard,richardlopez@example.com,864,1536,1,738,1522,new users,google,cmpn_533,ppc,gfaa4rvdsa,2f0f7d0383268ac0e501a3f3e7aaa40d,richardlopez@example.com,189.2.178.111,FJX6ZCeHsAgmGyCF,2025-05-31T07:19:26.000000Z,1748656166,1.0.2,www.choixcart.com/login,GA,US,usd
2024-10-24T16:02:33.000000Z,2024-10-24T16:02:33.000000Z,2024-10-24T16:02:33.000000Z,2024-10-24T16:02:33.000000Z,2024-10-24T16:02:33.000000Z,Lewis,James,lewis.james979@example.org,1080,1920,1,969,1920,,,,,,37d140e93810fa5d7bdcd2bf49a7aa45,lewis.james979@example.org,83.71.211.164,TF2cwH9VIm8oXFmh,2024-10-09T13:16:36.000000Z,1728459996,1.0.2,www.choixcart.com/signup,NC,US,usd
2024-12-05T04:14:34.000000Z,2024-12-05T04:14:34.000000Z,2024-12-05T04:14:34.000000Z,2024-12-05T04:14:34.000000Z,2024-12-05T04:14:34.000000Z,Lewis,James,lewis.james979@example.org,1080,1920,1,969,1920,,,,,,37d140e93810fa5d7bdcd2bf49a7aa45,lewis.james979@example.org,166.157.219.233,QbOrJl3FbcRGfxuE,2024-12-05T04:13:24.000000Z,1733352204,1.0.2,www.choixcart.com/login,WY,US,usd
2025-01-24T01:10:47.000000Z,2025-01-24T01:10:47.000000Z,2025-01-24T01:10:47.000000Z,2025-01-24T01:10:47.000000Z,2025-01-24T01:10:47.000000Z,Lewis,James,lewis.james979@example.org,1080,1920,1,969,1920,,,,,,37d140e93810fa5d7bdcd2bf49a7aa45,lewis.james979@example.org,76.198.181.249,LHvD70xTP1iS1fQv,2025-01-15T22:59:55.000000Z,1736962195,1.0.2,www.choixcart.com/signup,PA,US,usd
2025-04-24T21:43:22.000000Z,2025-04-24T21:43:22.000000Z,2025-04-24T21:43:22.000000Z,2025-04-24T21:43:22.000000Z,2025-04-24T21:43:22.000000Z,Lewis,James,lewis.james979@example.org,600,800,1,1024,1280,,,,,,37d140e93810fa5d7bdcd2bf49a7aa45,lewis.james979@example.org,162.171.43.55,rOfN4dpimIWO2Al2,2025-04-16T17:26:00.000000Z,1744804560,0.10.4,www.choixcart.com/signup,KY,US,usd
2025-06-14T15:01:35.000000Z,2025-06-14T15:01:35.000000Z,2025-06-14T15:01:35.000000Z,2025-06-14T15:01:35.000000Z,2025-06-14T15:01:35.000000Z,Lewis,James,lewis.james979@example.org,1169,1800,2,858,1340,,,,,,37d140e93810fa5d7bdcd2bf49a7aa45,lewis.james979@example.org,16.82.234.176,FygzqBO1d8tx9k2z,2025-05-28T10:23:07.000000Z,1748407987,1.1.4,www.choixcart.com/login,OK,US,usd
2025-07-26T02:10:44.000000Z,2025-07-26T02:10:44.000000Z,2025-07-26T02:10:44.000000Z,2025-07-26T02:10:44.000000Z,2025-07-26T02:10:44.000000Z,Lewis,James,lewis.james979@example.org,1080,1920,1,969,1920,,,,,,37d140e93810fa5d7bdcd2bf49a7aa45,lewis.james979@example.org,23.253.109.16,zeBBuMimCvG8PNKt,2025-07-21T00:38:35.000000Z,1753038515,1.1.4,www.choixcart.com/signup,MA,US,usd
2025-08-25T19:55:30.000000Z,2025-08-25T19:55:30.000000Z,2025-08-25T19:55:30.000000Z,2025-08-25T19:55:30.000000Z,2025-08-25T19:55:30.000000Z,Lewis,James,lewis.james979@example.org,854,385,1,726,384,,,,,,37d140e93810fa5d7bdcd2bf49a7aa45,lewis.james979@example.org,24.21.66.49,qvGv32Nqyehau3oV,2025-08-14T16:45:14.000000Z,1755170114,1.1.4,www.choixcart.com/login,TX,US,usd
2025-09-23T06:25:53.000000Z,2025-09-23T06:25:53.000000Z,2025-09-23T06:25:53.000000Z,2025-09-23T06:25:53.000000Z,2025-09-23T06:25:53.000000Z,Lewis,James,lewis.james979@example.org,854,385,1,726,384,,,,,,37d140e93810fa5d7bdcd2bf49a7aa45,lewis.james979@example.org,132.156.171.17,kKdrzhbVmZqgZCNM,2025-09-17T02:18:14.000000Z,1758055694,0.10.4,www.choixcart.com/signup,VA,US,usd
2025-11-21T21:29:04.000000Z,2025-11-21T21:29:04.000000Z,2025-11-21T21:29:04.000000Z,2025-11-21T21:29:04.000000Z,2025-11-21T21:29:04.000000Z,Lewis,James,lewis.james979@example.org,1169,1800,2,858,1340,,,,,,37d140e93810fa5d7bdcd2bf49a7aa45,lewis.james979@example.org,215.233.254.90,S1NjKHHw1DlISCiV,2025-11-09T17:52:35.000000Z,1762690955,1.1.4,www.choixcart.com/login,WV,US,usd
2024-11-27T21:03:16.000000Z,2024-11-27T21:03:16.000000Z,2024-11-27T21:03:16.000000Z,2024-11-27T21:03:16.000000Z,2024-11-27T21:03:16.000000Z,Reeves,Martin,martinreeves@example.com,900,1600,1,739,1600,,,,,,18648641b9872bc637a7fa69e6945e96,martinreeves@example.com,174.218.103.102,uTavfnKH7r76hZkS,2024-11-15T21:01:40.000000Z,1731684700,1.0.2,www.choixcart.com/signup,TX,US,usd
2025-01-24T08:50:34.000000Z,2025-01-24T08:50:34.000000Z,2025-01-24T08:50:34.000000Z,2025-01-24T08:50:34.000000Z,2025-01-24T08:50:34.000000Z,Reeves,Martin,martinreeves@example.com,1080,1920,1,969,1920,,,,,,18648641b9872bc637a7fa69e6945e96,martinreeves@example.com,41.81.134.66,Kp9FSCCK9ueIvIwG,2025-01-24T06:31:41.000000Z,1737680501,1.0.2,www.choixcart.com/login,WV,US,usd
2025-02-24T15:07:10.000000Z,2025-02-24T15:07:10.000000Z,2025-02-24T15:07:10.000000Z,2025-02-24T15:07:10.000000Z,2025-02-24T15:07:10.000000Z,Reeves,Martin,martinreeves@example.com,780,360,3,649,360,,,,,,18648641b9872bc637a7fa69e6945e96,martinreeves@example.com,68.123.100.190,HKsMvldXnVOjiQls,2025-02-15T15:06:52.000000Z,1739612212,0.10.4,www.choixcart.com/signup,VT,US,usd
2025-03-19T22:19:22.000000Z,2025-03-19T22:19:22.000000Z,2025-03-19T22:19:22.000000Z,2025-03-19T22:19:22.000000Z,2025-03-19T22:19:22.000000Z,Reeves,Martin,martinreeves@example.com,720,1280,1,551,1280,,,,,,18648641b9872bc637a7fa69e6945e96,martinreeves@example.com,103.145.81.109,Vu8VSHniWCoVm3tu,2025-03-19T19:30:29.000000Z,1742392829,1.1.4,www.choixcart.com/login,VT,US,usd
2025-05-13T15:15:10.000000Z,2025-05-13T15:15:10.000000Z,2025-05-13T15:15:10.000000Z,2025-05-13T15:15:10.000000Z,2025-05-13T15:15:10.000000Z,Reeves,Martin,martinreeves@example.com,720,1280,1,551,1280,,,,,,18648641b9872bc637a7fa69e6945e96,martinreeves@example.com,69.166.12.60,azezr7TS8fiYDtqQ,2025-05-09T15:14:29.000000Z,1746783869,0.10.4,www.choixcart.com/signup,NH,US,usd
2025-06-04T03:14:22.000000Z,2025-06-04T03:14:22.000000Z,2025-06-04T03:14:22.000000Z,2025-06-04T03:14:22.000000Z,2025-06-04T03:14:22.000000Z,Reeves,Martin,martinreeves@example.com,720,1280,1,551,1280,abandon cart,twitter,cmpn_125,paidsocial,gts23ds,18648641b9872bc637a7fa69e6945e96,martinreeves@example.com,104.222.158.83,nWJBkvl0yjr8ENJ4,2025-06-04T00:52:15.000000Z,1748978535,1.1.4,www.choixcart.com/login,MT,US,usd
2025-08-06T13:57:07.000000Z,2025-08-06T13:57:07.000000Z,2025-08-06T13:57:07.000000Z,2025-08-06T13:57:07.000000Z,2025-08-06T13:57:07.000000Z,Reeves,Martin,martinreeves@example.com,1080,1920,1,993,1920,new users,google,cmpn_533,ppc,gfaa4rvdsa,18648641b9872bc637a7fa69e6945e96,martinreeves@example.com,203.5.227.59,5R1oYR8GXhG2I8ST,2025-07-22T13:56:37.000000Z,1753172797,0.10.4,www.choixcart.com/signup,MA,US,usd
2025-08-28T00:46:44.000000Z,2025-08-28T00:46:44.000000Z,2025-08-28T00:46:44.000000Z,2025-08-28T00:46:44.000000Z,2025-08-28T00:46:44.000000Z,Reeves,Martin,martinreeves@example.com,854,385,1,726,384,,,,,,18648641b9872bc637a7fa69e6945e96,martinreeves@example.com,199.130.241.120,K3ZiGM9DmSt81z2Q,2025-08-27T23:05:51.000000Z,1756316151,1.0.2,www.choixcart.com/login,SD,US,usd
2025-11-10T15:11:48.000000Z,2025-11-10T15:11:48.000000Z,2025-11-10T15:11:48.000000Z,2025-11-10T15:11:48.000000Z,2025-11-10T15:11:48.000000Z,Reeves,Martin,martinreeves@example.com,1440,2560,2,1319,2560,,,,,,18648641b9872bc637a7fa69e6945e96,martinreeves@example.com,209.43.8.229,Uy5TWclFnLRDdNeU,2025-10-21T15:11:30.000000Z,1761039690,1.1.4,www.choixcart.com/signup,AZ,US,usd
2026-01-03T01:45:42.000000Z,2026-01-03T01:45:42.000000Z,2026-01-03T01:45:42.000000Z,2026-01-03T01:45:42.000000Z,2026-01-03T01:45:42.000000Z,Reeves,Martin,martinreeves@example.com,600,800,1,1024,1280,,,,,,18648641b9872bc637a7fa69e6945e96,martinreeves@example.com,87.245.149.87,yvPzuMoJ3jM5Yz3G,2026-01-02T22:34:52.000000Z,1767373492,1.1.4,www.choixcart.com/login,GA,US,usd
2024-11-18T17:22:11.000000Z,2024-11-18T17:22:11.000000Z,2024-11-18T17:22:11.000000Z,2024-11-18T17:22:11.000000Z,2024-11-18T17:22:11.000000Z,Howe,Lydia,lydia.howe703@example.org,720,1280,1,551,1280,abandon cart,twitter,cmpn_125,paidsocial,gts23ds,5c35b4f431d0d9d81ea709ac54c7789f,lydia.howe703@example.org,112.224.209.248,gCgXQ0Awg7GEeKAB,2024-11-01T17:21:18.000000Z,1730461878,0.10.4,www.choixcart.com/signup,ND,US,usd
2024-11-02T00:49:36.000000Z,2024-11-02T00:49:36.000000Z,2024-11-02T00:49:36.000000Z,2024-11-02T00:49:36.000000Z,2024-11-02T00:49:36.000000Z,Butler,Matthew,matthew.butler983@example.org,864,1536,1,738,1522,,,,,,3a34d5bdd25357538ccb784d804241df,matthew.butler983@example.org,171.147.68.116,6TPps6NPi5sdVtnP,2024-10-13T22:06:52.000000Z,1728837412,0.10.4,www.choixcart.com/signup,ID,US,usd
2025-02-22T16:30:36.000000Z,2025-02-22T16:30:36.000000Z,2025-02-22T16:30:36.000000Z,2025-02-22T16:30:36.000000Z,2025-02-22T16:30:36.000000Z,Butler,Matthew,matthew.butler983@example.org,1169,1800,2,858,1340,,,,,,3a34d5bdd25357538ccb784d804241df,matthew.butler983@example.org,134.206.43.55,wDfWetF7sv8uY4no,2025-02-02T14:35:39.000000Z,1738487139,1.0.2,www.choixcart.com/signup,IL,US,usd
2025-03-31T11:03:04.000000Z,2025-03-31T11:03:04.000000Z,2025-03-31T11:03:04.000000Z,2025-03-31T11:03:04.000000Z,2025-03-31T11:03:04.000000Z,Butler,Matthew,matthew.butler983@example.org,720,1280,1,551,1280,,,,,,3a34d5bdd25357538ccb784d804241df,matthew.butler983@example.org,42.188.139.135,wwJtJ2iYBmGyexte,2025-03-31T11:02:23.000000Z,1743399143,1.1.4,www.choixcart.com/login,ME,US,usd
2025-06-04T02:48:56.000000Z,2025-06-04T02:48:56.000000Z,2025-06-04T02:48:56.000000Z,2025-06-04T02:48:56.000000Z,2025-06-04T02:48:56.000000Z,Butler,Matthew,matthew.butler983@example.org,854,385,1,726,384,,,,,,3a34d5bdd25357538ccb784d804241df,matthew.butler983@example.org,44.122.137.170,S7uTuEucUOZ1vomL,2025-05-19T23:55:45.000000Z,1747679145,0.10.4,www.choixcart.com/signup,CA,US,usd
2025-07-26T18:10:52.000000Z,2025-07-26T18:10:52.000000Z,2025-07-26T18:10:52.000000Z,2025-07-26T18:10:52.000000Z,2025-07-26T18:10:52.000000Z,Butler,Matthew,matthew.butler983@example.org,780,360,3,649,360,,,,,,3a34d5bdd25357538ccb784d804241df,matthew.butler983@example.org,136.112.254.40,2tsv7I8wzmhRHMJc,2025-07-20T15:47:37.000000Z,1753006657,0.10.4,www.choixcart.com/login,ID,US,usd
2025-09-08T09:14:17.000000Z,2025-09-08T09:14:17.000000Z,2025-09-08T09:14:17.000000Z,2025-09-08T09:14:17.000000Z,2025-09-08T09:14:17.000000Z,Butler,Matthew,matthew.butler983@example.org,1440,2560,2,1319,2560,,,,,,3a34d5bdd25357538ccb784d804241df,matthew.butler983@example.org,195.88.163.16,wiJo9XyyTPmbMLo7,2025-08-19T07:58:51.000000Z,1755570531,1.1.4,www.choixcart.com/signup,AZ,US,usd
2026-01-08T15:14:29.000000Z,2026-01-08T15:14:29.000000Z,2026-01-08T15:14:29.000000Z,2026-01-08T15:14:29.000000Z,2026-01-08T15:14:29.000000Z,Butler,Matthew,matthew.butler983@example.org,864,1536,1,738,1522,,,,,,3a34d5bdd25357538ccb784d804241df,matthew.butler983@example.org,8.135.79.14,UWyhBwxxkflEOQAS,2026-01-01T10:59:07.000000Z,1767245347,1.0.2,www.choixcart.com/signup,ID,US,usd
2026-04-12T10:57:29.000000Z,2026-04-12T10:57:29.000000Z,2026-04-12T10:57:29.000000Z,2026-04-12T10:57:29.000000Z,2026-04-12T10:57:29.000000Z,Butler,Matthew,matthew.butler983@example.org,1080,1920,1,969,1920,,,,,,3a34d5bdd25357538ccb784d804241df,matthew.butler983@example.org,42.8.54.11,9XOYfaU5VWGCHz1d,2026-03-28T07:54:57.000000Z,1774664697,1.0.2,www.choixcart.com/signup,ND,US,usd
2024-11-18T00:07:14.000000Z,2024-11-18T00:07:14.000000Z,2024-11-18T00:07:14.000000Z,2024-11-18T00:07:14.000000Z,2024-11-18T00:07:14.000000Z,Chen,Thomas,chen.thomas244@example.org,720,1280,1,551,1280,,,,,,f2a8f325171ed49a952d985edec28d4f,chen.thomas244@example.org,102.185.82.181,OP0NnQ1D9JRHZ8vJ,2024-11-14T22:15:59.000000Z,1731602759,1.0.2,www.choixcart.com/login,CA,US,usd
2025-01-28T18:52:57.000000Z,2025-01-28T18:52:57.000000Z,2025-01-28T18:52:57.000000Z,2025-01-28T18:52:57.000000Z,2025-01-28T18:52:57.000000Z,Chen,Thomas,chen.thomas244@example.org,720,1280,1,551,1280,topoffers,email,cmpn_90,email,4sdf4sda,f2a8f325171ed49a952d985edec28d4f,chen.thomas244@example.org,124.124.184.248,UD7fpl5X72fbVZCe,2025-01-11T16:48:10.000000Z,1736594290,1.0.2,www.choixcart.com/login,UT,US,usd
2025-03-09T09:10:34.000000Z,2025-03-09T09:10:34.000000Z,2025-03-09T09:10:34.000000Z,2025-03-09T09:10:34.000000Z,2025-03-09T09:10:34.000000Z,Chen,Thomas,chen.thomas244@example.org,900,1600,1,739,1600,topoffers,email,cmpn_90,email,4sdf4sda,f2a8f325171ed49a952d985edec28d4f,chen.thomas244@example.org,19.220.199.195,BWF2M4zJGPgQTOcm,2025-02-25T07:43:34.000000Z,1740449614,1.1.4,www.choixcart.com/login,NY,US,usd
2025-04-16T23:19:28.000000Z,2025-04-16T23:19:28.000000Z,2025-04-16T23:19:28.000000Z,2025-04-16T23:19:28.000000Z,2025-04-16T23:19:28.000000Z,Chen,Thomas,chen.thomas244@example.org,1169,1800,2,858,1340,,,,,,f2a8f325171ed49a952d985edec28d4f,chen.thomas244@example.org,136.160.13.4,RmlhJClwOo9nSy5C,2025-03-30T19:44:53.000000Z,1743344093,0.10.4,www.choixcart.com/login,ID,US,usd
2025-06-20T08:08:59.000000Z,2025-06-20T08:08:59.000000Z,2025-06-20T08:08:59.000000Z,2025-06-20T08:08:59.000000Z,2025-06-20T08:08:59.000000Z,Chen,Thomas,chen.thomas244@example.org,900,1600,1,739,1600,,,,,,f2a8f325171ed49a952d985edec28d4f,chen.thomas244@example.org,162.17.15.110,54YuW1BzLBCDf3SI,2025-06-14T06:36:31.000000Z,1749863191,1.1.4,www.choixcart.com/login,MS,US,usd
2025-07-26T03:32:05.000000Z,2025-07-26T03:32:05.000000Z,2025-07-26T03:32:05.000000Z,2025-07-26T03:32:05.000000Z,2025-07-26T03:32:05.000000Z,Chen,Thomas,chen.thomas244@example.org,600,800,1,1024,1280,,,,,,f2a8f325171ed49a952d985edec28d4f,chen.thomas244@example.org,64.210.242.231,IMboHarICorGoLV7,2025-07-23T01:38:18.000000Z,1753214898,1.0.2,www.choixcart.com/login,SC,US,usd
2024-10-21T06:00:59.000000Z,2024-10-21T06:00:59.000000Z,2024-10-21T06:00:59.000000Z,2024-10-21T06:00:59.000000Z,2024-10-21T06:00:59.000000Z,Perez,Stephanie,perez.stephanie281@example.org,780,360,3,649,360,,,,,,a9d37297d56467d1fa6c03f0dc06e443,perez.stephanie281@example.org,197.72.232.33,FToQBMS9OE3HaDnI,2024-10-07T06:00:17.000000Z,1728261017,0.10.4,www.choixcart.com/signup,OR,US,usd
2024-12-23T18:19:15.000000Z,2024-12-23T18:19:15.000000Z,2024-12-23T18:19:15.000000Z,2024-12-23T18:19:15.000000Z,2024-12-23T18:19:15.000000Z,Perez,Stephanie,perez.stephanie281@example.org,1440,2560,2,1319,2560,,,,,,a9d37297d56467d1fa6c03f0dc06e443,perez.stephanie281@example.org,59.102.120.66,fGG5zGwjsg6Qxsvm,2024-12-12T18:17:42.000000Z,1734007662,0.10.4,www.choixcart.com/signup,MT,US,usd
2025-02-17T21:39:35.000000Z,2025-02-17T21:39:35.000000Z,2025-02-17T21:39:35.000000Z,2025-02-17T21:39:35.000000Z,2025-02-17T21:39:35.000000Z,Perez,Stephanie,perez.stephanie281@example.org,1169,1800,2,858,1340,,,,,,a9d37297d56467d1fa6c03f0dc06e443,perez.stephanie281@example.org,218.246.188.151,8XYw7JTtgTfklTOC,2025-02-10T21:39:09.000000Z,1739203749,0.10.4,www.choixcart.com/signup,VA,US,usd
2024-10-08T11:35:11.000000Z,2024-10-08T11:35:11.000000Z,2024-10-08T11:35:11.000000Z,2024-10-08T11:35:11.000000Z,2024-10-08T11:35:11.000000Z,Lee,Valerie,lee.valerie392@example.org,600,800,1,1024,1280,,,,,,8574f310f72d56b7519b807808dd30d2,lee.valerie392@example.org,201.11.204.215,AEHPbjmECyprREnX,2024-10-04T11:34:42.000000Z,1728021882,0.10.4,www.choixcart.com/signup,AL,US,usd
2024-11-08T15:52:36.000000Z,2024-11-08T15:52:36.000000Z,2024-11-08T15:52:36.000000Z,2024-11-08T15:52:36.000000Z,2024-11-08T15:52:36.000000Z,Lee,Valerie,lee.valerie392@example.org,1440,2560,2,1319,2560,,,,,,8574f310f72d56b7519b807808dd30d2,lee.valerie392@example.org,165.193.185.41,e5ElUPj11ossaWfh,2024-10-29T15:51:13.000000Z,1730197273,1.1.4,www.choixcart.com/signup,FL,US,usd
2025-01-12T20:16:49.000000Z,2025-01-12T20:16:49.000000Z,2025-01-12T20:16:49.000000Z,2025-01-12T20:16:49.000000Z,2025-01-12T20:16:49.000000Z,Lee,Valerie,lee.valerie392@example.org,1080,1920,1,969,1920,,,,,,8574f310f72d56b7519b807808dd30d2,lee.valerie392@example.org,150.59.60.197,8eIxzWaXT9Xf8j5V,2024-12-29T20:15:31.000000Z,1735483531,0.10.4,www.choixcart.com/signup,IL,US,usd
2025-02-07T03:03:35.000000Z,2025-02-07T03:03:35.000000Z,2025-02-07T03:03:35.000000Z,2025-02-07T03:03:35.000000Z,2025-02-07T03:03:35.000000Z,Lee,Valerie,lee.valerie392@example.org,1080,1920,1,969,1920,,,,,,8574f310f72d56b7519b807808dd30d2,lee.valerie392@example.org,99.213.94.149,Qn1eM7aidukcKAwD,2025-01-27T03:02:48.000000Z,1737927168,1.1.4,www.choixcart.com/signup,WY,US,usd
2024-11-05T23:19:31.000000Z,2024-11-05T23:19:31.000000Z,2024-11-05T23:19:31.000000Z,2024-11-05T23:19:31.000000Z,2024-11-05T23:19:31.000000Z,Sanchez,Brandon,brandon.sanchez878@example.org,720,1280,1,551,1280,christmas sale,google,cmpn_232,ppc,53454fasdf,4af2bbf081e3fbe5d8514c370b4540f5,brandon.sanchez878@example.org,69.90.42.87,WCc5SBmk3z6fW6Cn,2024-10-30T23:17:39.000000Z,1730310459,1.0.2,www.choixcart.com/signup,CO,US,usd
2024-11-23T11:34:36.000000Z,2024-11-23T11:34:36.000000Z,2024-11-23T11:34:36.000000Z,2024-11-23T11:34:36.000000Z,2024-11-23T11:34:36.000000Z,Sanchez,Brandon,brandon.sanchez878@example.org,900,1600,1,739,1600,,,,,,4af2bbf081e3fbe5d8514c370b4540f5,brandon.sanchez878@example.org,36.55.180.246,fQSm17lOYH3gefnp,2024-11-23T11:33:38.000000Z,1732341818,1.1.4,www.choixcart.com/login,MI,US,usd
2025-01-19T23:27:56.000000Z,2025-01-19T23:27:56.000000Z,2025-01-19T23:27:56.000000Z,2025-01-19T23:27:56.000000Z,2025-01-19T23:27:56.000000Z,Sanchez,Brandon,brandon.sanchez878@example.org,600,800,1,1024,1280,,,,,,4af2bbf081e3fbe5d8514c370b4540f5,brandon.sanchez878@example.org,117.42.38.9,tmojiK9MqH75TMs2,2025-01-05T23:26:09.000000Z,1736099769,0.10.4,www.choixcart.com/signup,TN,US,usd
2025-03-19T02:23:19.000000Z,2025-03-19T02:23:19.000000Z,2025-03-19T02:23:19.000000Z,2025-03-19T02:23:19.000000Z,2025-03-19T02:23:19.000000Z,Sanchez,Brandon,brandon.sanchez878@example.org,1080,1920,1,969,1920,,,,,,4af2bbf081e3fbe5d8514c370b4540f5,brandon.sanchez878@example.org,141.0.115.0,x4GWJbsbDiuEMlR2,2025-03-19T02:21:32.000000Z,1742331092,0.10.4,www.choixcart.com/login,TN,US,usd
2025-06-03T13:55:23.000000Z,2025-06-03T13:55:23.000000Z,2025-06-03T13:55:23.000000Z,2025-06-03T13:55:23.000000Z,2025-06-03T13:55:23.000000Z,Sanchez,Brandon,brandon.sanchez878@example.org,1080,1920,1,993,1920,,,,,,4af2bbf081e3fbe5d8514c370b4540f5,brandon.sanchez878@example.org,154.182.214.70,mdXil5oRczoBwRuT,2025-05-15T13:55:16.000000Z,1747297516,1.0.2,www.choixcart.com/signup,MA,US,usd
2025-07-22T18:23:39.000000Z,2025-07-22T18:23:39.000000Z,2025-07-22T18:23:39.000000Z,2025-07-22T18:23:39.000000Z,2025-07-22T18:23:39.000000Z,Sanchez,Brandon,brandon.sanchez878@example.org,780,360,3,649,360,,,,,,4af2bbf081e3fbe5d8514c370b4540f5,brandon.sanchez878@example.org,102.217.69.54,IRfuTduucQmCON91,2025-07-22T18:22:39.000000Z,1753188759,1.0.2,www.choixcart.com/login,MN,US,usd
2025-09-15T07:31:09.000000Z,2025-09-15T07:31:09.000000Z,2025-09-15T07:31:09.000000Z,2025-09-15T07:31:09.000000Z,2025-09-15T07:31:09.000000Z,Sanchez,Brandon,brandon.sanchez878@example.org,900,1600,1,739,1600,,,,,,4af2bbf081e3fbe5d8514c370b4540f5,brandon.sanchez878@example.org,94.221.46.209,TemTHvNGCuD4Dd0E,2025-09-04T07:30:12.000000Z,1756951212,0.10.4,www.choixcart.com/signup,MI,US,usd
2025-10-25T11:12:21.000000Z,2025-10-25T11:12:21.000000Z,2025-10-25T11:12:21.000000Z,2025-10-25T11:12:21.000000Z,2025-10-25T11:12:21.000000Z,Sanchez,Brandon,brandon.sanchez878@example.org,1169,1800,2,858,1340,,,,,,4af2bbf081e3fbe5d8514c370b4540f5,brandon.sanchez878@example.org,13.14.104.124,xITSnSIblLRGxOdl,2025-10-25T11:12:12.000000Z,1761370932,1.1.4,www.choixcart.com/login,SC,US,usd
2025-12-12T22:10:10.000000Z,2025-12-12T22:10:10.000000Z,2025-12-12T22:10:10.000000Z,2025-12-12T22:10:10.000000Z,2025-12-12T22:10:10.000000Z,Sanchez,Brandon,brandon.sanchez878@example.org,1080,1920,1,993,1920,,,,,,4af2bbf081e3fbe5d8514c370b4540f5,brandon.sanchez878@example.org,19.133.19.10,WbmW45Nh3Udd4V4o,2025-11-21T22:08:47.000000Z,1763743127,0.10.4,www.choixcart.com/signup,TN,US,usd
2026-02-01T06:30:56.000000Z,2026-02-01T06:30:56.000000Z,2026-02-01T06:30:56.000000Z,2026-02-01T06:30:56.000000Z,2026-02-01T06:30:56.000000Z,Sanchez,Brandon,brandon.sanchez878@example.org,1080,1920,1,969,1920,,,,,,4af2bbf081e3fbe5d8514c370b4540f5,brandon.sanchez878@example.org,23.95.214.210,u3pa2EgUP9gyJ5z6,2026-02-01T06:29:38.000000Z,1769907578,1.0.2,www.choixcart.com/login,SC,US,usd
2024-10-31T07:51:15.000000Z,2024-10-31T07:51:15.000000Z,2024-10-31T07:51:15.000000Z,2024-10-31T07:51:15.000000Z,2024-10-31T07:51:15.000000Z,Orr,James,james.orr636@example.com,1080,1920,1,969,1920,,,,,,55f006a18ee82e045575f621ab13675b,james.orr636@example.com,156.144.107.167,NYcjy9LxUN61guhi,2024-10-26T07:50:00.000000Z,1729909200,1.1.4,www.choixcart.com/signup,OK,US,usd
2024-12-24T10:43:09.000000Z,2024-12-24T10:43:09.000000Z,2024-12-24T10:43:09.000000Z,2024-12-24T10:43:09.000000Z,2024-12-24T10:43:09.000000Z,Orr,James,james.orr636@example.com,1440,2560,2,1319,2560,,,,,,55f006a18ee82e045575f621ab13675b,james.orr636@example.com,208.206.180.64,onwNN6m0pTiS7JWp,2024-12-17T10:42:59.000000Z,1734412379,1.0.2,www.choixcart.com/signup,NM,US,usd
2024-11-03T07:50:58.000000Z,2024-11-03T07:50:58.000000Z,2024-11-03T07:50:58.000000Z,2024-11-03T07:50:58.000000Z,2024-11-03T07:50:58.000000Z,Lucas,Dustin,dustinlucas@example.com,720,1280,1,551,1280,,,,,,db71b52db2cff7b379a5a94411cadf6f,dustinlucas@example.com,141.26.222.72,JPD1oBT1Z0eAQjaC,2024-10-25T07:50:00.000000Z,1729822800,0.10.4,www.choixcart.com/signup,OH,US,usd
2025-01-01T12:30:25.000000Z,2025-01-01T12:30:25.000000Z,2025-01-01T12:30:25.000000Z,2025-01-01T12:30:25.000000Z,2025-01-01T12:30:25.000000Z,Lucas,Dustin,dustinlucas@example.com,1169,1800,2,858,1340,,,,,,db71b52db2cff7b379a5a94411cadf6f,dustinlucas@example.com,48.12.81.203,T2HlP2HokOLXUb8D,2024-12-17T12:29:19.000000Z,1734418759,0.10.4,www.choixcart.com/signup,WY,US,usd
2025-02-01T21:34:02.000000Z,2025-02-01T21:34:02.000000Z,2025-02-01T21:34:02.000000Z,2025-02-01T21:34:02.000000Z,2025-02-01T21:34:02.000000Z,Lucas,Dustin,dustinlucas@example.com,864,1536,1,738,1522,,,,,,db71b52db2cff7b379a5a94411cadf6f,dustinlucas@example.com,87.192.129.0,g1nLXyW1TvO1WeA1,2025-01-19T21:33:12.000000Z,1737302592,1.1.4,www.choixcart.com/signup,LA,US,usd
2025-03-25T06:30:48.000000Z,2025-03-25T06:30:48.000000Z,2025-03-25T06:30:48.000000Z,2025-03-25T06:30:48.000000Z,2025-03-25T06:30:48.000000Z,Lucas,Dustin,dustinlucas@example.com,1169,1800,2,858,1340,,,,,,db71b52db2cff7b379a5a94411cadf6f,dustinlucas@example.com,137.145.135.180,jdfRRsHalX4gpZM3,2025-03-13T06:30:37.000000Z,1741827637,1.0.2,www.choixcart.com/signup,NJ,US,usd
2025-05-29T12:47:23.000000Z,2025-05-29T12:47:23.000000Z,2025-05-29T12:47:23.000000Z,2025-05-29T12:47:23.000000Z,2025-05-29T12:47:23.000000Z,Lucas,Dustin,dustinlucas@example.com,1440,2560,2,1319,2560,,,,,,db71b52db2cff7b379a5a94411cadf6f,dustinlucas@example.com,21.237.121.38,sThQtu51aMmcUwM2,2025-05-09T12:46:14.000000Z,1746774974,1.0.2,www.choixcart.com/signup,TN,US,usd
2025-07-26T17:36:45.000000Z,2025-07-26T17:36:45.000000Z,2025-07-26T17:36:45.000000Z,2025-07-26T17:36:45.000000Z,2025-07-26T17:36:45.000000Z,Lucas,Dustin,dustinlucas@example.com,854,385,1,726,384,,,,,,db71b52db2cff7b379a5a94411cadf6f,dustinlucas@example.com,59.95.117.113,qiJrAcgcgEo5KWL5,2025-07-23T17:35:24.000000Z,1753272324,0.10.4,www.choixcart.com/signup,ME,US,usd
2024-11-09T14:45:58.000000Z,2024-11-09T14:45:58.000000Z,2024-11-09T14:45:58.000000Z,2024-11-09T14:45:58.000000Z,2024-11-09T14:45:58.000000Z,Phillips,Tammy,phillips.tammy449@example.org,600,800,1,1024,1280,paid users,bing,cmpn_830,ppc,cdasareravf,7d43267b28eac6aa320d80ef7be41bb2,phillips.tammy449@example.org,46.14.245.212,W1Ve79nND9igsOAN,2024-10-23T14:44:18.000000Z,1729674858,1.0.2,www.choixcart.com/signup,MO,US,usd
2024-11-28T17:03:23.000000Z,2024-11-28T17:03:23.000000Z,2024-11-28T17:03:23.000000Z,2024-11-28T17:03:23.000000Z,2024-11-28T17:03:23.000000Z,Ball,Roy,roy.ball843@example.com,1169,1800,2,858,1340,,,,,,ce3a8d97f886e416f6290bbac13ab5b2,roy.ball843@example.com,36.160.42.131,MhgSIJ1t0b4h2hjC,2024-11-14T17:02:54.000000Z,1731583974,1.0.2,www.choixcart.com/signup,NJ,US,usd
2024-12-31T05:20:21.000000Z,2024-12-31T05:20:21.000000Z,2024-12-31T05:20:21.000000Z,2024-12-31T05:20:21.000000Z,2024-12-31T05:20:21.000000Z,Ball,Roy,roy.ball843@example.com,600,800,1,1024,1280,,,,,,ce3a8d97f886e416f6290bbac13ab5b2,roy.ball843@example.com,204.3.159.168,RC6Be1Og4enEZM1H,2024-12-31T03:08:11.000000Z,1735594691,0.10.4,www.choixcart.com/login,NY,US,usd
2025-03-19T19:20:42.000000Z,2025-03-19T19:20:42.000000Z,2025-03-19T19:20:42.000000Z,2025-03-19T19:20:42.000000Z,2025-03-19T19:20:42.000000Z,Ball,Roy,roy.ball843@example.com,1080,1920,1,969,1920,topoffers,email,cmpn_90,email,4sdf4sda,ce3a8d97f886e416f6290bbac13ab5b2,roy.ball843@example.com,139.142.23.97,DeOtYVRXQeR4Aqns,2025-02-27T19:19:11.000000Z,1740664151,0.10.4,www.choixcart.com/signup,ID,US,usd
2025-04-09T06:58:44.000000Z,2025-04-09T06:58:44.000000Z,2025-04-09T06:58:44.000000Z,2025-04-09T06:58:44.000000Z,2025-04-09T06:58:44.000000Z,Ball,Roy,roy.ball843@example.com,1169,1800,2,858,1340,new users,google,cmpn_533,ppc,gfaa4rvdsa,ce3a8d97f886e416f6290bbac13ab5b2,roy.ball843@example.com,211.105.122.143,ZsMzeOyrVKaiT6CT,2025-04-09T05:06:34.000000Z,1744155394,1.1.4,www.choixcart.com/login,NV,US,usd
2025-05-18T16:59:28.000000Z,2025-05-18T16:59:28.000000Z,2025-05-18T16:59:28.000000Z,2025-05-18T16:59:28.000000Z,2025-05-18T16:59:28.000000Z,Ball,Roy,roy.ball843@example.com,600,800,1,1024,1280,new users,google,cmpn_533,ppc,gfaa4rvdsa,ce3a8d97f886e416f6290bbac13ab5b2,roy.ball843@example.com,24.137.124.178,UnVO1THTZY9VVVKq,2025-05-13T16:59:18.000000Z,1747135758,1.0.2,www.choixcart.com/signup,LA,US,usd
2025-07-18T00:43:00.000000Z,2025-07-18T00:43:00.000000Z,2025-07-18T00:43:00.000000Z,2025-07-18T00:43:00.000000Z,2025-07-18T00:43:00.000000Z,Ball,Roy,roy.ball843@example.com,864,1536,1,738,1522,,,,,,ce3a8d97f886e416f6290bbac13ab5b2,roy.ball843@example.com,203.108.215.18,KZGpw9a9LIyAJB0W,2025-07-17T22:15:09.000000Z,1752770709,1.0.2,www.choixcart.com/login,AZ,US,usd
2025-09-20T09:27:55.000000Z,2025-09-20T09:27:55.000000Z,2025-09-20T09:27:55.000000Z,2025-09-20T09:27:55.000000Z,2025-09-20T09:27:55.000000Z,Ball,Roy,roy.ball843@example.com,1440,2560,2,1319,2560,,,,,,ce3a8d97f886e416f6290bbac13ab5b2,roy.ball843@example.com,153.228.87.197,HxmRU2xLlyOUYhtT,2025-08-30T09:27:10.000000Z,1756526230,1.1.4,www.choixcart.com/signup,MS,US,usd
2025-11-07T18:02:35.000000Z,2025-11-07T18:02:35.000000Z,2025-11-07T18:02:35.000000Z,2025-11-07T18:02:35.000000Z,2025-11-07T18:02:35.000000Z,Ball,Roy,roy.ball843@example.com,1080,1920,1,969,1920,,,,,,ce3a8d97f886e416f6290bbac13ab5b2,roy.ball843@example.com,211.97.194.17,MGEkovE5m60A81K0,2025-11-07T16:18:43.000000Z,1762512523,0.10.4,www.choixcart.com/login,NC,US,usd
2024-11-20T23:22:57.000000Z,2024-11-20T23:22:57.000000Z,2024-11-20T23:22:57.000000Z,2024-11-20T23:22:57.000000Z,2024-11-20T23:22:57.000000Z,Bishop,Mitchell,mitchellbishop@example.com,854,385,1,726,384,topoffers,email,cmpn_90,email,4sdf4sda,2b20be7f83723a875f1062da68310974,mitchellbishop@example.com,46.67.37.5,SodlxG4Qx6jmQz4C,2024-11-12T20:39:18.000000Z,1731424158,1.1.4,www.choixcart.com/login,TX,US,usd
2025-01-15T12:35:49.000000Z,2025-01-15T12:35:49.000000Z,2025-01-15T12:35:49.000000Z,2025-01-15T12:35:49.000000Z,2025-01-15T12:35:49.000000Z,Bishop,Mitchell,mitchellbishop@example.com,720,1280,1,551,1280,,,,,,2b20be7f83723a875f1062da68310974,mitchellbishop@example.com,26.107.62.209,ZU1wLD9ORl99B8Yl,2025-01-07T10:21:48.000000Z,1736225508,1.0.2,www.choixcart.com/login,MO,US,usd
2024-11-13T21:25:12.000000Z,2024-11-13T21:25:12.000000Z,2024-11-13T21:25:12.000000Z,2024-11-13T21:25:12.000000Z,2024-11-13T21:25:12.000000Z,Figueroa,Vincent,vincent.figueroa922@example.com,720,1280,1,551,1280,christmas sale,bing,cmpn_232,ppc,53454fasdf,c5c3a88e9e3095a1ed28c35601c9928a,vincent.figueroa922@example.com,103.19.254.36,oeipWAflDLdnDUlk,2024-10-27T21:24:50.000000Z,1730044490,1.1.4,www.choixcart.com/signup,CA,US,usd
2024-12-29T04:05:11.000000Z,2024-12-29T04:05:11.000000Z,2024-12-29T04:05:11.000000Z,2024-12-29T04:05:11.000000Z,2024-12-29T04:05:11.000000Z,Figueroa,Vincent,vincent.figueroa922@example.com,864,1536,1,738,1522,paid users,bing,cmpn_830,ppc,cdasareravf,c5c3a88e9e3095a1ed28c35601c9928a,vincent.figueroa922@example.com,26.31.14.45,aw6l6peFKYC8TDBv,2024-12-25T04:04:00.000000Z,1735079640,1.0.2,www.choixcart.com/signup,ME,US,usd
2024-11-23T20:57:46.000000Z,2024-11-23T20:57:46.000000Z,2024-11-23T20:57:46.000000Z,2024-11-23T20:57:46.000000Z,2024-11-23T20:57:46.000000Z,Smith,Pamela,pamelasmith@example.com,854,385,1,726,384,similar items,twitter,cmpn_80,paidsocial,13vfs5asdfa,d8e7737bd6d11cd38619872cb8fabb52,pamelasmith@example.com,168.101.213.88,QIlxib6xi7gPnu6Y,2024-11-11T19:11:16.000000Z,1731332476,0.10.4,www.choixcart.com/signup,MI,US,usd
2025-02-03T14:12:07.000000Z,2025-02-03T14:12:07.000000Z,2025-02-03T14:12:07.000000Z,2025-02-03T14:12:07.000000Z,2025-02-03T14:12:07.000000Z,Smith,Pamela,pamelasmith@example.com,600,800,1,1024,1280,,,,,,d8e7737bd6d11cd38619872cb8fabb52,pamelasmith@example.com,215.28.219.90,s6uQ77iDmcXwURB6,2025-01-21T12:59:34.000000Z,1737444574,1.0.2,www.choixcart.com/signup,CO,US,usd
2025-03-17T00:30:46.000000Z,2025-03-17T00:30:46.000000Z,2025-03-17T00:30:46.000000Z,2025-03-17T00:30:46.000000Z,2025-03-17T00:30:46.000000Z,Smith,Pamela,pamelasmith@example.com,720,1280,1,551,1280,,,,,,d8e7737bd6d11cd38619872cb8fabb52,pamelasmith@example.com,168.99.173.214,b5nHoH9pZbY4i5NV,2025-03-17T00:30:24.000000Z,1742151624,0.10.4,www.choixcart.com/login,ID,US,usd
2025-06-01T11:56:14.000000Z,2025-06-01T11:56:14.000000Z,2025-06-01T11:56:14.000000Z,2025-06-01T11:56:14.000000Z,2025-06-01T11:56:14.000000Z,Smith,Pamela,pamelasmith@example.com,600,800,1,1024,1280,paid users,google,cmpn_830,ppc,cdasareravf,d8e7737bd6d11cd38619872cb8fabb52,pamelasmith@example.com,213.238.249.233,QsfvClY4Qu02cebo,2025-05-14T09:05:48.000000Z,1747193748,0.10.4,www.choixcart.com/signup,MD,US,usd
2025-09-23T05:09:29.000000Z,2025-09-23T05:09:29.000000Z,2025-09-23T05:09:29.000000Z,2025-09-23T05:09:29.000000Z,2025-09-23T05:09:29.000000Z,Smith,Pamela,pamelasmith@example.com,1169,1800,2,858,1340,,,,,,d8e7737bd6d11cd38619872cb8fabb52,pamelasmith@example.com,81.33.155.82,61k542JLFauhkmdY,2025-09-15T03:05:27.000000Z,1757885727,1.1.4,www.choixcart.com/signup,NC,US,usd
2025-11-17T02:45:23.000000Z,2025-11-17T02:45:23.000000Z,2025-11-17T02:45:23.000000Z,2025-11-17T02:45:23.000000Z,2025-11-17T02:45:23.000000Z,Smith,Pamela,pamelasmith@example.com,720,1280,1,551,1280,paid users,bing,cmpn_830,ppc,cdasareravf,d8e7737bd6d11cd38619872cb8fabb52,pamelasmith@example.com,95.7.200.101,IV9hBeqlUbcU6VKt,2025-10-28T00:33:36.000000Z,1761591816,1.1.4,www.choixcart.com/signup,MD,US,usd
2025-12-17T11:05:28.000000Z,2025-12-17T11:05:28.000000Z,2025-12-17T11:05:28.000000Z,2025-12-17T11:05:28.000000Z,2025-12-17T11:05:28.000000Z,Smith,Pamela,pamelasmith@example.com,900,1600,1,739,1600,new users,google,cmpn_533,ppc,gfaa4rvdsa,d8e7737bd6d11cd38619872cb8fabb52,pamelasmith@example.com,37.81.189.83,cxp6MQerkfBmZd7B,2025-12-04T06:30:33.000000Z,1764810033,1.1.4,www.choixcart.com/login,OR,US,usd
2026-02-19T02:10:05.000000Z,2026-02-19T02:10:05.000000Z,2026-02-19T02:10:05.000000Z,2026-02-19T02:10:05.000000Z,2026-02-19T02:10:05.000000Z,Smith,Pamela,pamelasmith@example.com,1169,1800,2,858,1340,,,,,,d8e7737bd6d11cd38619872cb8fabb52,pamelasmith@example.com,168.211.235.180,G3451eIQ5uvo0mQP,2026-02-13T01:17:35.000000Z,1770925655,1.1.4,www.choixcart.com/signup,OR,US,usd
2026-04-12T16:27:40.000000Z,2026-04-12T16:27:40.000000Z,2026-04-12T16:27:40.000000Z,2026-04-12T16:27:40.000000Z,2026-04-12T16:27:40.000000Z,Smith,Pamela,pamelasmith@example.com,1440,2560,2,1319,2560,,,,,,d8e7737bd6d11cd38619872cb8fabb52,pamelasmith@example.com,186.14.133.76,bjwNmAKAZZZezVqw,2026-03-23T12:48:48.000000Z,1774250328,1.0.2,www.choixcart.com/login,WI,US,usd
2024-11-02T15:00:26.000000Z,2024-11-02T15:00:26.000000Z,2024-11-02T15:00:26.000000Z,2024-11-02T15:00:26.000000Z,2024-11-02T15:00:26.000000Z,Walker,Paul,paulwalker@example.com,600,800,1,1024,1280,,,,,,b42db6f4408c8a5a3253a05a27d3dfd9,paulwalker@example.com,64.152.44.105,zaPvzJiy2GgJEeDC,2024-10-15T14:59:46.000000Z,1728984586,0.10.4,www.choixcart.com/signup,OK,US,usd
2024-12-20T03:32:37.000000Z,2024-12-20T03:32:37.000000Z,2024-12-20T03:32:37.000000Z,2024-12-20T03:32:37.000000Z,2024-12-20T03:32:37.000000Z,Walker,Paul,paulwalker@example.com,1169,1800,2,858,1340,,,,,,b42db6f4408c8a5a3253a05a27d3dfd9,paulwalker@example.com,177.176.251.23,xX15Ue3AgD6xjpZj,2024-12-03T03:30:50.000000Z,1733176850,1.0.2,www.choixcart.com/signup,CA,US,usd
2025-02-14T11:10:49.000000Z,2025-02-14T11:10:49.000000Z,2025-02-14T11:10:49.000000Z,2025-02-14T11:10:49.000000Z,2025-02-14T11:10:49.000000Z,Walker,Paul,paulwalker@example.com,1440,2560,2,1319,2560,paid users,bing,cmpn_830,ppc,cdasareravf,b42db6f4408c8a5a3253a05a27d3dfd9,paulwalker@example.com,119.120.182.244,qEbxeChrNtiXhf8O,2025-02-01T11:08:54.000000Z,1738388334,1.1.4,www.choixcart.com/signup,MS,US,usd
2025-05-02T19:29:46.000000Z,2025-05-02T19:29:46.000000Z,2025-05-02T19:29:46.000000Z,2025-05-02T19:29:46.000000Z,2025-05-02T19:29:46.000000Z,Walker,Paul,paulwalker@example.com,1169,1800,2,858,1340,,,,,,b42db6f4408c8a5a3253a05a27d3dfd9,paulwalker@example.com,72.124.219.138,hlX15wS6hZ4o1vYu,2025-04-13T19:27:59.000000Z,1744552679,1.1.4,www.choixcart.com/signup,NE,US,usd
2025-05-25T01:25:58.000000Z,2025-05-25T01:25:58.000000Z,2025-05-25T01:25:58.000000Z,2025-05-25T01:25:58.000000Z,2025-05-25T01:25:58.000000Z,Walker,Paul,paulwalker@example.com,900,1600,1,739,1600,paid users,google,cmpn_830,ppc,cdasareravf,b42db6f4408c8a5a3253a05a27d3dfd9,paulwalker@example.com,165.160.101.240,26IWpAudJ0PcfDz3,2025-05-17T01:24:32.000000Z,1747425272,0.10.4,www.choixcart.com/signup,MS,US,usd
2024-11-06T04:21:08.000000Z,2024-11-06T04:21:08.000000Z,2024-11-06T04:21:08.000000Z,2024-11-06T04:21:08.000000Z,2024-11-06T04:21:08.000000Z,Crawford,Michael,michaelcrawford@example.com,1080,1920,1,993,1920,,,,,,6d13117d7a67f3cb4f1861a56033c94c,michaelcrawford@example.com,157.82.200.76,hZcm4hWktJPDev3F,2024-10-18T04:20:42.000000Z,1729205442,1.1.4,www.choixcart.com/signup,IA,US,usd
2024-10-12T16:05:33.000000Z,2024-10-12T16:05:33.000000Z,2024-10-12T16:05:33.000000Z,2024-10-12T16:05:33.000000Z,2024-10-12T16:05:33.000000Z,Warner,Veronica,warner.veronica083@example.org,854,385,1,726,384,,,,,,af8f51ed9dc1c45c7afc624fea1075ad,warner.veronica083@example.org,37.253.86.250,EYcVR8QOqGCFlwpw,2024-10-08T16:04:16.000000Z,1728383656,1.1.4,www.choixcart.com/signup,MS,US,usd
2024-11-19T03:04:57.000000Z,2024-11-19T03:04:57.000000Z,2024-11-19T03:04:57.000000Z,2024-11-19T03:04:57.000000Z,2024-11-19T03:04:57.000000Z,Warner,Veronica,warner.veronica083@example.org,1080,1920,1,993,1920,,,,,,af8f51ed9dc1c45c7afc624fea1075ad,warner.veronica083@example.org,20.200.86.23,W3x8KmWHmWjv7gtj,2024-11-02T03:04:16.000000Z,1730496856,1.1.4,www.choixcart.com/signup,MS,US,usd
2025-01-11T08:52:29.000000Z,2025-01-11T08:52:29.000000Z,2025-01-11T08:52:29.000000Z,2025-01-11T08:52:29.000000Z,2025-01-11T08:52:29.000000Z,Warner,Veronica,warner.veronica083@example.org,864,1536,1,738,1522,,,,,,af8f51ed9dc1c45c7afc624fea1075ad,warner.veronica083@example.org,136.246.213.132,ptFuHOs92KW6dZzC,2024-12-29T08:51:16.000000Z,1735442476,0.10.4,www.choixcart.com/signup,IL,US,usd
2025-03-13T10:27:05.000000Z,2025-03-13T10:27:05.000000Z,2025-03-13T10:27:05.000000Z,2025-03-13T10:27:05.000000Z,2025-03-13T10:27:05.000000Z,Warner,Veronica,warner.veronica083@example.org,1440,2560,2,1319,2560,,,,,,af8f51ed9dc1c45c7afc624fea1075ad,warner.veronica083@example.org,219.33.140.228,IbUMPKacx9gpp1q1,2025-02-23T10:25:08.000000Z,1740286508,1.1.4,www.choixcart.com/signup,AR,US,usd
2024-10-20T00:52:51.000000Z,2024-10-20T00:52:51.000000Z,2024-10-20T00:52:51.000000Z,2024-10-20T00:52:51.000000Z,2024-10-20T00:52:51.000000Z,Wallace,Jeremy,jeremywallace@example.com,1440,2560,2,1319,2560,,,,,,0e96b94fb5f1954a8d7a5ce61cf28e3a,jeremywallace@example.com,20.98.70.52,4GehfJAFQXF650lh,2024-10-15T23:14:01.000000Z,1729014241,0.10.4,www.choixcart.com/login,AZ,US,usd
2024-11-16T13:52:11.000000Z,2024-11-16T13:52:11.000000Z,2024-11-16T13:52:11.000000Z,2024-11-16T13:52:11.000000Z,2024-11-16T13:52:11.000000Z,Wallace,Jeremy,jeremywallace@example.com,1440,2560,2,1319,2560,similar items,twitter,cmpn_80,paidsocial,13vfs5asdfa,0e96b94fb5f1954a8d7a5ce61cf28e3a,jeremywallace@example.com,85.145.171.19,d4deVhsEfiHsOSCz,2024-11-04T11:29:09.000000Z,1730699949,1.0.2,www.choixcart.com/login,CO,US,usd
2024-11-06T14:18:17.000000Z,2024-11-06T14:18:17.000000Z,2024-11-06T14:18:17.000000Z,2024-11-06T14:18:17.000000Z,2024-11-06T14:18:17.000000Z,Eaton,Paula,paulaeaton@example.com,900,1600,1,739,1600,,,,,,3ac91bd2de3ab4ec4ec24b96149fdbce,paulaeaton@example.com,2.90.25.234,RkVtunh69T845wzg,2024-10-31T14:18:08.000000Z,1730364488,1.1.4,www.choixcart.com/signup,ND,US,usd
2024-11-27T02:57:57.000000Z,2024-11-27T02:57:57.000000Z,2024-11-27T02:57:57.000000Z,2024-11-27T02:57:57.000000Z,2024-11-27T02:57:57.000000Z,Eaton,Paula,paulaeaton@example.com,600,800,1,1024,1280,,,,,,3ac91bd2de3ab4ec4ec24b96149fdbce,paulaeaton@example.com,30.163.142.148,4Gwpba2syHlcOpaq,2024-11-27T02:56:59.000000Z,1732656419,1.1.4,www.choixcart.com/login,MN,US,usd
2025-01-17T14:57:39.000000Z,2025-01-17T14:57:39.000000Z,2025-01-17T14:57:39.000000Z,2025-01-17T14:57:39.000000Z,2025-01-17T14:57:39.000000Z,Eaton,Paula,paulaeaton@example.com,720,1280,1,551,1280,paid users,google,cmpn_830,ppc,cdasareravf,3ac91bd2de3ab4ec4ec24b96149fdbce,paulaeaton@example.com,168.246.104.192,JFe4YK0rzUFfMdfI,2025-01-09T14:57:05.000000Z,1736414825,1.0.2,www.choixcart.com/signup,NH,US,usd
2025-03-11T22:07:44.000000Z,2025-03-11T22:07:44.000000Z,2025-03-11T22:07:44.000000Z,2025-03-11T22:07:44.000000Z,2025-03-11T22:07:44.000000Z,Eaton,Paula,paulaeaton@example.com,1080,1920,1,993,1920,,,,,,3ac91bd2de3ab4ec4ec24b96149fdbce,paulaeaton@example.com,132.71.12.148,PDLRe2tCEDijsoRM,2025-03-11T22:07:09.000000Z,1741711029,0.10.4,www.choixcart.com/login,NV,US,usd
2025-04-28T15:26:08.000000Z,2025-04-28T15:26:08.000000Z,2025-04-28T15:26:08.000000Z,2025-04-28T15:26:08.000000Z,2025-04-28T15:26:08.000000Z,Eaton,Paula,paulaeaton@example.com,864,1536,1,738,1522,,,,,,3ac91bd2de3ab4ec4ec24b96149fdbce,paulaeaton@example.com,24.69.223.75,tzN6gGMNuJrIUqCi,2025-04-08T15:26:01.000000Z,1744106161,1.0.2,www.choixcart.com/signup,WA,US,usd
2025-06-03T23:16:39.000000Z,2025-06-03T23:16:39.000000Z,2025-06-03T23:16:39.000000Z,2025-06-03T23:16:39.000000Z,2025-06-03T23:16:39.000000Z,Eaton,Paula,paulaeaton@example.com,600,800,1,1024,1280,,,,,,3ac91bd2de3ab4ec4ec24b96149fdbce,paulaeaton@example.com,117.70.226.23,w0GpbH6mSGwMern0,2025-06-03T23:15:35.000000Z,1748972735,1.1.4,www.choixcart.com/login,UT,US,usd
2025-07-06T06:00:50.000000Z,2025-07-06T06:00:50.000000Z,2025-07-06T06:00:50.000000Z,2025-07-06T06:00:50.000000Z,2025-07-06T06:00:50.000000Z,Eaton,Paula,paulaeaton@example.com,854,385,1,726,384,abandon cart,email,cmpn_125,email,gsf4dsgs,3ac91bd2de3ab4ec4ec24b96149fdbce,paulaeaton@example.com,74.192.232.241,rcpix2T0slEmib1A,2025-06-28T06:00:08.000000Z,1751070608,0.10.4,www.choixcart.com/signup,VA,US,usd
2025-08-31T13:04:58.000000Z,2025-08-31T13:04:58.000000Z,2025-08-31T13:04:58.000000Z,2025-08-31T13:04:58.000000Z,2025-08-31T13:04:58.000000Z,Eaton,Paula,paulaeaton@example.com,1080,1920,1,993,1920,,,,,,3ac91bd2de3ab4ec4ec24b96149fdbce,paulaeaton@example.com,11.236.234.80,1fg4QucxlvjsGhZ3,2025-08-31T13:04:13.000000Z,1756625653,0.10.4,www.choixcart.com/login,SD,US,usd
2025-10-30T00:28:18.000000Z,2025-10-30T00:28:18.000000Z,2025-10-30T00:28:18.000000Z,2025-10-30T00:28:18.000000Z,2025-10-30T00:28:18.000000Z,Eaton,Paula,paulaeaton@example.com,854,385,1,726,384,,,,,,3ac91bd2de3ab4ec4ec24b96149fdbce,paulaeaton@example.com,201.227.14.69,PGX6GSz13bFhqcdy,2025-10-26T00:26:24.000000Z,1761418584,0.10.4,www.choixcart.com/signup,CT,US,usd
2025-11-26T05:29:29.000000Z,2025-11-26T05:29:29.000000Z,2025-11-26T05:29:29.000000Z,2025-11-26T05:29:29.000000Z,2025-11-26T05:29:29.000000Z,Eaton,Paula,paulaeaton@example.com,864,1536,1,738,1522,,,,,,3ac91bd2de3ab4ec4ec24b96149fdbce,paulaeaton@example.com,124.106.150.185,xZqdvZqSroTfWq39,2025-11-26T05:29:06.000000Z,1764115146,1.0.2,www.choixcart.com/login,NH,US,usd
2026-01-14T16:53:02.000000Z,2026-01-14T16:53:02.000000Z,2026-01-14T16:53:02.000000Z,2026-01-14T16:53:02.000000Z,2026-01-14T16:53:02.000000Z,Eaton,Paula,paulaeaton@example.com,600,800,1,1024,1280,,,,,,3ac91bd2de3ab4ec4ec24b96149fdbce,paulaeaton@example.com,84.179.27.255,l8LJaQADwJrfX0SE,2026-01-08T16:52:11.000000Z,1767871331,0.10.4,www.choixcart.com/signup,WY,US,usd
2026-02-02T00:15:16.000000Z,2026-02-02T00:15:16.000000Z,2026-02-02T00:15:16.000000Z,2026-02-02T00:15:16.000000Z,2026-02-02T00:15:16.000000Z,Eaton,Paula,paulaeaton@example.com,720,1280,1,551,1280,,,,,,3ac91bd2de3ab4ec4ec24b96149fdbce,paulaeaton@example.com,165.213.24.40,4oqwWuRpUuIvqocu,2026-02-02T00:15:13.000000Z,1769971513,1.1.4,www.choixcart.com/login,FL,US,usd
2024-11-10T03:50:15.000000Z,2024-11-10T03:50:15.000000Z,2024-11-10T03:50:15.000000Z,2024-11-10T03:50:15.000000Z,2024-11-10T03:50:15.000000Z,Moses,Steven,stevenmoses@example.com,1169,1800,2,858,1340,brand launch,email,cmpn_421,email,53dsvdsa,9b1b77c14a4338429cf5f579e96a43aa,stevenmoses@example.com,92.121.203.252,UfoOpLMCNLbhxJRd,2024-11-06T03:49:32.000000Z,1730845172,1.1.4,www.choixcart.com/signup,GA,US,usd
2025-01-01T16:12:16.000000Z,2025-01-01T16:12:16.000000Z,2025-01-01T16:12:16.000000Z,2025-01-01T16:12:16.000000Z,2025-01-01T16:12:16.000000Z,Moses,Steven,stevenmoses@example.com,900,1600,1,739,1600,paid users,bing,cmpn_830,ppc,cdasareravf,9b1b77c14a4338429cf5f579e96a43aa,stevenmoses@example.com,87.74.248.221,a3VsZd4VDG2L1NhW,2025-01-01T13:28:01.000000Z,1735718281,0.10.4,www.choixcart.com/login,HI,US,usd
2025-02-20T04:47:28.000000Z,2025-02-20T04:47:28.000000Z,2025-02-20T04:47:28.000000Z,2025-02-20T04:47:28.000000Z,2025-02-20T04:47:28.000000Z,Moses,Steven,stevenmoses@example.com,1080,1920,1,969,1920,paid users,google,cmpn_830,ppc,cdasareravf,9b1b77c14a4338429cf5f579e96a43aa,stevenmoses@example.com,19.47.80.134,7y17wXMX8PMEvh4e,2025-02-11T04:46:23.000000Z,1739229383,1.0.2,www.choixcart.com/signup,NH,US,usd
2025-03-27T17:33:12.000000Z,2025-03-27T17:33:12.000000Z,2025-03-27T17:33:12.000000Z,2025-03-27T17:33:12.000000Z,2025-03-27T17:33:12.000000Z,Moses,Steven,stevenmoses@example.com,1080,1920,1,993,1920,,,,,,9b1b77c14a4338429cf5f579e96a43aa,stevenmoses@example.com,123.220.58.164,p3mLdmVmdbweUZXY,2025-03-27T16:13:05.000000Z,1743072185,1.0.2,www.choixcart.com/login,AK,US,usd
2025-06-05T01:02:56.000000Z,2025-06-05T01:02:56.000000Z,2025-06-05T01:02:56.000000Z,2025-06-05T01:02:56.000000Z,2025-06-05T01:02:56.000000Z,Moses,Steven,stevenmoses@example.com,900,1600,1,739,1600,,,,,,9b1b77c14a4338429cf5f579e96a43aa,stevenmoses@example.com,10.18.45.22,5iRkdb8tMpxKLwNx,2025-05-17T01:01:03.000000Z,1747423863,0.10.4,www.choixcart.com/signup,GA,US,usd
2025-07-10T12:38:58.000000Z,2025-07-10T12:38:58.000000Z,2025-07-10T12:38:58.000000Z,2025-07-10T12:38:58.000000Z,2025-07-10T12:38:58.000000Z,Moses,Steven,stevenmoses@example.com,780,360,3,649,360,new users,google,cmpn_533,ppc,gfaa4rvdsa,9b1b77c14a4338429cf5f579e96a43aa,stevenmoses@example.com,145.144.118.132,hgRBYWJm24Crvudy,2025-07-10T09:48:03.000000Z,1752121083,1.0.2,www.choixcart.com/login,VT,US,usd
2025-08-28T19:04:53.000000Z,2025-08-28T19:04:53.000000Z,2025-08-28T19:04:53.000000Z,2025-08-28T19:04:53.000000Z,2025-08-28T19:04:53.000000Z,Moses,Steven,stevenmoses@example.com,854,385,1,726,384,topoffers,email,cmpn_90,email,4sdf4sda,9b1b77c14a4338429cf5f579e96a43aa,stevenmoses@example.com,201.21.241.252,TeryQCuQ03QIDdGq,2025-08-22T19:02:57.000000Z,1755869577,0.10.4,www.choixcart.com/signup,WA,US,usd
2025-10-21T08:20:19.000000Z,2025-10-21T08:20:19.000000Z,2025-10-21T08:20:19.000000Z,2025-10-21T08:20:19.000000Z,2025-10-21T08:20:19.000000Z,Moses,Steven,stevenmoses@example.com,1080,1920,1,993,1920,,,,,,9b1b77c14a4338429cf5f579e96a43aa,stevenmoses@example.com,45.132.82.63,Fy09WLpplanLHpnd,2025-10-21T06:14:50.000000Z,1761007490,0.10.4,www.choixcart.com/login,WV,US,usd
2025-12-07T22:52:24.000000Z,2025-12-07T22:52:24.000000Z,2025-12-07T22:52:24.000000Z,2025-12-07T22:52:24.000000Z,2025-12-07T22:52:24.000000Z,Moses,Steven,stevenmoses@example.com,600,800,1,1024,1280,topoffers,email,cmpn_90,email,4sdf4sda,9b1b77c14a4338429cf5f579e96a43aa,stevenmoses@example.com,167.183.244.233,T2N388ilGBDAXvLI,2025-12-03T22:52:24.000000Z,1764782544,1.1.4,www.choixcart.com/signup,AK,US,usd
2026-01-06T06:49:00.000000Z,2026-01-06T06:49:00.000000Z,2026-01-06T06:49:00.000000Z,2026-01-06T06:49:00.000000Z,2026-01-06T06:49:00.000000Z,Moses,Steven,stevenmoses@example.com,1080,1920,1,969,1920,similar items,twitter,cmpn_80,paidsocial,13vfs5asdfa,9b1b77c14a4338429cf5f579e96a43aa,stevenmoses@example.com,160.242.6.231,8yJPlRUZhPnxTSrh,2026-01-06T04:06:47.000000Z,1767652607,1.0.2,www.choixcart.com/login,KS,US,usd
2024-11-25T05:09:46.000000Z,2024-11-25T05:09:46.000000Z,2024-11-25T05:09:46.000000Z,2024-11-25T05:09:46.000000Z,2024-11-25T05:09:46.000000Z,Nelson,Scott,scott.nelson764@example.com,900,1600,1,739,1600,,,,,,4c19550cb889bfc924f9c95f504f541c,scott.nelson764@example.com,90.67.254.88,owm4EtVFzVyFcNe1,2024-11-09T05:08:43.000000Z,1731109123,1.0.2,www.choixcart.com/signup,HI,US,usd
2025-01-28T15:49:49.000000Z,2025-01-28T15:49:49.000000Z,2025-01-28T15:49:49.000000Z,2025-01-28T15:49:49.000000Z,2025-01-28T15:49:49.000000Z,Nelson,Scott,scott.nelson764@example.com,720,1280,1,551,1280,new users,google,cmpn_533,ppc,gfaa4rvdsa,4c19550cb889bfc924f9c95f504f541c,scott.nelson764@example.com,21.190.174.50,jJ6KiMneh0EUVIVG,2025-01-18T15:48:51.000000Z,1737195531,0.10.4,www.choixcart.com/signup,MD,US,usd
2025-03-16T20:36:12.000000Z,2025-03-16T20:36:12.000000Z,2025-03-16T20:36:12.000000Z,2025-03-16T20:36:12.000000Z,2025-03-16T20:36:12.000000Z,Nelson,Scott,scott.nelson764@example.com,780,360,3,649,360,,,,,,4c19550cb889bfc924f9c95f504f541c,scott.nelson764@example.com,130.40.170.141,i4dMyTg4M7mKQOom,2025-03-04T20:35:28.000000Z,1741100728,0.10.4,www.choixcart.com/signup,NE,US,usd
2025-05-10T23:31:13.000000Z,2025-05-10T23:31:13.000000Z,2025-05-10T23:31:13.000000Z,2025-05-10T23:31:13.000000Z,2025-05-10T23:31:13.000000Z,Nelson,Scott,scott.nelson764@example.com,1169,1800,2,858,1340,,,,,,4c19550cb889bfc924f9c95f504f541c,scott.nelson764@example.com,164.150.198.243,w5wxHnLDOj5GeOzj,2025-05-01T23:30:33.000000Z,1746122433,1.1.4,www.choixcart.com/signup,CA,US,usd
2024-11-05T00:03:32.000000Z,2024-11-05T00:03:32.000000Z,2024-11-05T00:03:32.000000Z,2024-11-05T00:03:32.000000Z,2024-11-05T00:03:32.000000Z,Long,Patricia,long.patricia240@example.org,1169,1800,2,858,1340,,,,,,f30793ce40eff2a20c5fe7536c730430,long.patricia240@example.org,83.35.142.124,cDqcT46LbOGn6qy2,2024-10-28T00:01:54.000000Z,1730053914,0.10.4,www.choixcart.com/signup,WA,US,usd
2024-12-26T10:29:47.000000Z,2024-12-26T10:29:47.000000Z,2024-12-26T10:29:47.000000Z,2024-12-26T10:29:47.000000Z,2024-12-26T10:29:47.000000Z,Long,Patricia,long.patricia240@example.org,1080,1920,1,969,1920,,,,,,f30793ce40eff2a20c5fe7536c730430,long.patricia240@example.org,86.84.179.226,d1KPdw5HqZaVZjyS,2024-12-26T10:28:43.000000Z,1735189123,1.0.2,www.choixcart.com/login,OR,US,usd
2025-01-21T19:56:14.000000Z,2025-01-21T19:56:14.000000Z,2025-01-21T19:56:14.000000Z,2025-01-21T19:56:14.000000Z,2025-01-21T19:56:14.000000Z,Long,Patricia,long.patricia240@example.org,1440,2560,2,1319,2560,,,,,,f30793ce40eff2a20c5fe7536c730430,long.patricia240@example.org,78.113.140.249,fPvZp2Mxrov4d3U8,2025-01-11T19:55:33.000000Z,1736605533,1.0.2,www.choixcart.com/signup,MD,US,usd
2025-03-22T01:02:11.000000Z,2025-03-22T01:02:11.000000Z,2025-03-22T01:02:11.000000Z,2025-03-22T01:02:11.000000Z,2025-03-22T01:02:11.000000Z,Long,Patricia,long.patricia240@example.org,1169,1800,2,858,1340,,,,,,f30793ce40eff2a20c5fe7536c730430,long.patricia240@example.org,163.107.219.8,mzY7HbQYzQ8C4qws,2025-03-22T01:00:44.000000Z,1742585444,0.10.4,www.choixcart.com/login,KY,US,usd
2025-05-22T14:23:16.000000Z,2025-05-22T14:23:16.000000Z,2025-05-22T14:23:16.000000Z,2025-05-22T14:23:16.000000Z,2025-05-22T14:23:16.000000Z,Long,Patricia,long.patricia240@example.org,1080,1920,1,993,1920,,,,,,f30793ce40eff2a20c5fe7536c730430,long.patricia240@example.org,190.210.38.113,KdM6D4eQf25c5cK8,2025-05-12T14:21:41.000000Z,1747039901,1.1.4,www.choixcart.com/signup,MD,US,usd
2025-06-19T16:41:54.000000Z,2025-06-19T16:41:54.000000Z,2025-06-19T16:41:54.000000Z,2025-06-19T16:41:54.000000Z,2025-06-19T16:41:54.000000Z,Long,Patricia,long.patricia240@example.org,780,360,3,649,360,,,,,,f30793ce40eff2a20c5fe7536c730430,long.patricia240@example.org,47.25.29.90,h7gtAeIbyGUnt3cN,2025-06-19T16:41:50.000000Z,1750331510,1.0.2,www.choixcart.com/login,GA,US,usd
2025-08-21T23:33:09.000000Z,2025-08-21T23:33:09.000000Z,2025-08-21T23:33:09.000000Z,2025-08-21T23:33:09.000000Z,2025-08-21T23:33:09.000000Z,Long,Patricia,long.patricia240@example.org,780,360,3,649,360,,,,,,f30793ce40eff2a20c5fe7536c730430,long.patricia240@example.org,159.153.166.131,sVVUJud7N4iPsjUI,2025-08-14T23:31:45.000000Z,1755194505,0.10.4,www.choixcart.com/signup,ME,US,usd
2025-09-30T08:11:23.000000Z,2025-09-30T08:11:23.000000Z,2025-09-30T08:11:23.000000Z,2025-09-30T08:11:23.000000Z,2025-09-30T08:11:23.000000Z,Long,Patricia,long.patricia240@example.org,864,1536,1,738,1522,,,,,,f30793ce40eff2a20c5fe7536c730430,long.patricia240@example.org,99.12.83.218,qL3XPuHMkYGPLP7H,2025-09-30T08:11:13.000000Z,1759200073,0.10.4,www.choixcart.com/login,NE,US,usd
