EMAIL,ANONYMOUS_ID,TIMESTAMP
calbares@gmail.com,c8bc33a0-7cb7-47f9-b24f-73e077346142,2023-12-29 12:59:18-08:00
egwalthney@yahoo.com,c8bc33a0-7cb7-47f9-b24f-73e077346142,2023-12-29 12:59:18-08:00
billy.morgan@example.com,c8bc33a0-7cb7-47f9-b24f-73e077346142,2023-12-29 12:59:18-08:00
chauncey_motley@aol.com,c8bc33a0-7cb7-47f9-b24f-73e077346142,2023-12-29 12:59:18-08:00
dperruzza@perruzza.com,c8bc33a0-7cb7-47f9-b24f-73e077346142,2023-12-29 12:59:18-08:00
chau@gmail.com,c8bc33a0-7cb7-47f9-b24f-73e077346142,2023-12-29 12:59:18-08:00
dyum@yahoo.com,c8bc33a0-7cb7-47f9-b24f-73e077346142,2023-12-29 12:59:18-08:00
emerson.bowley@bowley.org,c8bc33a0-7cb7-47f9-b24f-73e077346142,2023-12-29 12:59:18-08:00
audra@kohnert.com,f0ed91a9-e1a9-46a5-9257-d590f45612fe,2023-12-29 12:59:18-08:00
casie.good@aol.com,f0ed91a9-e1a9-46a5-9257-d590f45612fe,2023-12-29 12:59:18-08:00
brhym@rhym.com,f0ed91a9-e1a9-46a5-9257-d590f45612fe,2023-12-29 12:59:18-08:00
eric.flores@example.com,f0ed91a9-e1a9-46a5-9257-d590f45612fe,2023-12-29 12:59:18-08:00
danica_bruschke@gmail.com,f0ed91a9-e1a9-46a5-9257-d590f45612fe,2023-12-29 12:59:18-08:00
femard@emard.com,f0ed91a9-e1a9-46a5-9257-d590f45612fe,2023-12-29 12:59:18-08:00
an_fritz@hotmail.com,f0ed91a9-e1a9-46a5-9257-d590f45612fe,2023-12-29 12:59:18-08:00
csweigard@sweigard.com,f0ed91a9-e1a9-46a5-9257-d590f45612fe,2023-12-29 12:59:18-08:00
doldroyd@aol.com,cbe0ea73-4878-4892-ac82-b9ad42797000,2023-12-29 12:59:18-08:00
aonofrio@onofrio.com,cbe0ea73-4878-4892-ac82-b9ad42797000,2023-12-29 12:59:18-08:00
aliza@aol.com,cbe0ea73-4878-4892-ac82-b9ad42797000,2023-12-29 12:59:18-08:00
doris.matthews@example.com,cbe0ea73-4878-4892-ac82-b9ad42797000,2023-12-29 12:59:18-08:00
badkin@hotmail.com,cbe0ea73-4878-4892-ac82-b9ad42797000,2023-12-29 12:59:18-08:00
chantell@yahoo.com,cbe0ea73-4878-4892-ac82-b9ad42797000,2023-12-29 12:59:18-08:00
daniel.walker@example.com,cbe0ea73-4878-4892-ac82-b9ad42797000,2023-12-29 12:59:18-08:00
deonna_kippley@hotmail.com,cbe0ea73-4878-4892-ac82-b9ad42797000,2023-12-29 12:59:18-08:00
erinn.canlas@canlas.com,f4690568-e9e7-4182-abc6-6ea2791daba3,2023-12-29 12:59:18-08:00
donette.foller@cox.net,f4690568-e9e7-4182-abc6-6ea2791daba3,2023-12-29 12:59:18-08:00
belen_strassner@aol.com,f4690568-e9e7-4182-abc6-6ea2791daba3,2023-12-29 12:59:18-08:00
cristal@cox.net,f4690568-e9e7-4182-abc6-6ea2791daba3,2023-12-29 12:59:18-08:00
daron_dinos@cox.net,f4690568-e9e7-4182-abc6-6ea2791daba3,2023-12-29 12:59:18-08:00
bobby.sanchez@example.com,f4690568-e9e7-4182-abc6-6ea2791daba3,2023-12-29 12:59:18-08:00
bette_nicka@cox.net,f4690568-e9e7-4182-abc6-6ea2791daba3,2023-12-29 12:59:18-08:00
cyril_daufeldt@daufeldt.com,f4690568-e9e7-4182-abc6-6ea2791daba3,2023-12-29 12:59:18-08:00
ahmed.angalich@angalich.com,b369d6f5-c17a-457c-ab86-5649c1b53883,2023-12-29 12:59:18-08:00
dalene@schoeneck.org,b369d6f5-c17a-457c-ab86-5649c1b53883,2023-12-29 12:59:18-08:00
ceola.setter@setter.org,b369d6f5-c17a-457c-ab86-5649c1b53883,2023-12-29 12:59:18-08:00
ettie.hoopengardner@hotmail.com,b369d6f5-c17a-457c-ab86-5649c1b53883,2023-12-29 12:59:18-08:00
caitlin.julia@julia.org,b369d6f5-c17a-457c-ab86-5649c1b53883,2023-12-29 12:59:18-08:00
erick.ferencz@aol.com,b369d6f5-c17a-457c-ab86-5649c1b53883,2023-12-29 12:59:18-08:00
elza@yahoo.com,b369d6f5-c17a-457c-ab86-5649c1b53883,2023-12-29 12:59:18-08:00
amie.perigo@yahoo.com,b369d6f5-c17a-457c-ab86-5649c1b53883,2023-12-29 12:59:18-08:00
andrew.murphy@example.com,808ce516-b30a-4bb2-a3a0-f289073562a2,2023-12-29 12:59:18-08:00
adell.lipkin@lipkin.com,808ce516-b30a-4bb2-a3a0-f289073562a2,2023-12-29 12:59:18-08:00
cecilia_colaizzo@colaizzo.com,808ce516-b30a-4bb2-a3a0-f289073562a2,2023-12-29 12:59:18-08:00
andra@gmail.com,808ce516-b30a-4bb2-a3a0-f289073562a2,2023-12-29 12:59:18-08:00
devora_perez@perez.org,808ce516-b30a-4bb2-a3a0-f289073562a2,2023-12-29 12:59:18-08:00
dominque.dickerson@dickerson.org,808ce516-b30a-4bb2-a3a0-f289073562a2,2023-12-29 12:59:18-08:00
flo.bookamer@cox.net,808ce516-b30a-4bb2-a3a0-f289073562a2,2023-12-29 12:59:18-08:00
fausto_agramonte@yahoo.com,808ce516-b30a-4bb2-a3a0-f289073562a2,2023-12-29 12:59:18-08:00
amaclead@gmail.com,40be787b-f2c1-4001-b9a0-c94d7d163f04,2023-12-29 12:59:18-08:00
evangelina@aol.com,40be787b-f2c1-4001-b9a0-c94d7d163f04,2023-12-29 12:59:18-08:00
fletcher.flosi@yahoo.com,40be787b-f2c1-4001-b9a0-c94d7d163f04,2023-12-29 12:59:18-08:00
france.buzick@yahoo.com,40be787b-f2c1-4001-b9a0-c94d7d163f04,2023-12-29 12:59:18-08:00
adelina_nabours@gmail.com,40be787b-f2c1-4001-b9a0-c94d7d163f04,2023-12-29 12:59:18-08:00
dorothy@cox.net,40be787b-f2c1-4001-b9a0-c94d7d163f04,2023-12-29 12:59:18-08:00
aja_gehrett@hotmail.com,40be787b-f2c1-4001-b9a0-c94d7d163f04,2023-12-29 12:59:18-08:00
ccookey@cookey.org,f4172e85-2993-4d05-ad53-37554bafb5b6,2023-12-29 12:59:18-08:00
bpugh@aol.com,f4172e85-2993-4d05-ad53-37554bafb5b6,2023-12-29 12:59:18-08:00
alecia@aol.com,f4172e85-2993-4d05-ad53-37554bafb5b6,2023-12-29 12:59:18-08:00
dalene.riden@aol.com,f4172e85-2993-4d05-ad53-37554bafb5b6,2023-12-29 12:59:18-08:00
alaine_bergesen@cox.net,f4172e85-2993-4d05-ad53-37554bafb5b6,2023-12-29 12:59:18-08:00
eden_jayson@yahoo.com,f4172e85-2993-4d05-ad53-37554bafb5b6,2023-12-29 12:59:18-08:00
ashley.adams@example.com,f4172e85-2993-4d05-ad53-37554bafb5b6,2023-12-29 12:59:18-08:00