EMAIL,SHOPIFY_STORE_ID,TIMESTAMP
fsaylors@saylors.org,5.1915E+12,2023-12-29 12:59:18-08:00
gschnitzler@gmail.com,5.1915E+12,2023-12-29 12:59:18-08:00
kaitlyn.ogg@gmail.com,5.1915E+12,2023-12-29 12:59:18-08:00
joshua.sanders@example.com,5.1915E+12,2023-12-29 12:59:18-08:00
justin.nelson@example.com,5.1915E+12,2023-12-29 12:59:18-08:00
louvenia.beech@beech.com,5.1915E+12,2023-12-29 12:59:18-08:00
glory@yahoo.com,5.1915E+12,2023-12-29 12:59:18-08:00
jose@yahoo.com,5.1915E+12,2023-12-29 12:59:18-08:00
lonna_diestel@gmail.com,5.1915E+12,2023-12-29 12:59:18-08:00
gmontezuma@cox.net,5.1915E+12,2023-12-29 12:59:18-08:00
jennifer.taylor@example.com,5.1915E+12,2023-12-29 12:59:18-08:00
kevin.green@example.com,5.1915E+12,2023-12-29 12:59:18-08:00
jesusita.flister@hotmail.com,5.1915E+12,2023-12-29 12:59:18-08:00
jennie@cox.net,5.1915E+12,2023-12-29 12:59:18-08:00
jferrario@hotmail.com,5.1915E+12,2023-12-29 12:59:18-08:00
gilma_liukko@gmail.com,5.1915E+12,2023-12-29 12:59:18-08:00
lai@gmail.com,5.1915E+12,2023-12-29 12:59:18-08:00
gearldine_gellinger@gellinger.com,5.1915E+12,2023-12-29 12:59:18-08:00
jess.chaffins@chaffins.org,5.1915E+12,2023-12-29 12:59:18-08:00
helene@aol.com,5.1915E+12,2023-12-29 12:59:18-08:00
jmconnell@hotmail.com,5.1915E+12,2023-12-29 12:59:18-08:00
jengelberg@engelberg.org,5.1915E+12,2023-12-29 12:59:18-08:00
lucy@cox.net,5.1915E+12,2023-12-29 12:59:18-08:00
marti.maybury@yahoo.com,5.1915E+12,2023-12-29 12:59:18-08:00
jeanice.claucherty@yahoo.com,5.1915E+12,2023-12-29 12:59:18-08:00
kati.rulapaugh@hotmail.com,5.1915E+12,2023-12-29 12:59:18-08:00
jaquas@aquas.com,5.1915E+12,2023-12-29 12:59:18-08:00
kimberly.turner@example.com,5.1915E+12,2023-12-29 12:59:18-08:00
gracia@melnyk.com,5.1915E+12,2023-12-29 12:59:18-08:00
gary_nunlee@nunlee.org,5.1915E+12,2023-12-29 12:59:18-08:00
lizette.stem@aol.com,5.1915E+12,2023-12-29 12:59:18-08:00
layla.springe@cox.net,5.1915E+12,2023-12-29 12:59:18-08:00
johnetta_abdallah@aol.com,5.1915E+12,2023-12-29 12:59:18-08:00
david.perez@example.com,5.1915E+12,2023-12-29 12:59:18-08:00
leota.ragel@gmail.com,5.1915E+12,2023-12-29 12:59:18-08:00
leota@hotmail.com,5.1915E+12,2023-12-29 12:59:18-08:00
idewar@dewar.com,5.1915E+12,2023-12-29 12:59:18-08:00
gkulzer@kulzer.org,5.1915E+12,2023-12-29 12:59:18-08:00
jzurcher@zurcher.org,5.1915E+12,2023-12-29 12:59:18-08:00
lreiber@cox.net,5.1915E+12,2023-12-29 12:59:18-08:00
louisa@cronauer.com,5.1915E+12,2023-12-29 12:59:18-08:00
jade.farrar@yahoo.com,5.1915E+12,2023-12-29 12:59:18-08:00
lashon@aol.com,5.1915E+12,2023-12-29 12:59:18-08:00
gail@kitty.com,5.1915E+12,2023-12-29 12:59:18-08:00
john.doe@example.com,5.1915E+12,2023-12-29 12:59:18-08:00
leonida@gobern.org,5.1915E+12,2023-12-29 12:59:18-08:00
kristofer.bennick@yahoo.com,5.1915E+12,2023-12-29 12:59:18-08:00
joanna_leinenbach@hotmail.com,5.1915E+12,2023-12-29 12:59:18-08:00
keneth@yahoo.com,5.1915E+12,2023-12-29 12:59:18-08:00
herminia@nicolozakes.org,5.1915E+12,2023-12-29 12:59:18-08:00
lmerced@gmail.com,5.1915E+12,2023-12-29 12:59:18-08:00
gerald.porter@example.com,5.1915E+12,2023-12-29 12:59:18-08:00
kate_keneipp@yahoo.com,5.1915E+12,2023-12-29 12:59:18-08:00
kasandra_semidey@semidey.com,5.1915E+12,2023-12-29 12:59:18-08:00
leonora@yahoo.com,5.1915E+12,2023-12-29 12:59:18-08:00
jbrideau@aol.com,5.1915E+12,2023-12-29 12:59:18-08:00
hdenooyer@denooyer.org,5.1915E+12,2023-12-29 12:59:18-08:00
josphine_villanueva@villanueva.com,5.1915E+12,2023-12-29 12:59:18-08:00
jolene@yahoo.com,5.1915E+12,2023-12-29 12:59:18-08:00
jessica.hill@example.com,5.1915E+12,2023-12-29 12:59:18-08:00
kayleigh.lace@yahoo.com,5.1915E+12,2023-12-29 12:59:18-08:00
margart_meisel@yahoo.com,5.1915E+12,2023-12-29 12:59:18-08:00
gail_similton@similton.com,5.1915E+12,2023-12-29 12:59:18-08:00
jennifer.cook@example.com,5.1915E+12,2023-12-29 12:59:18-08:00
lynelle_auber@gmail.com,5.1915E+12,2023-12-29 12:59:18-08:00
hillary.skulski@aol.com,5.1915E+12,2023-12-29 12:59:18-08:00
lisha@centini.org,5.1915E+12,2023-12-29 12:59:18-08:00
kenneth.hudson@example.com,5.1915E+12,2023-12-29 12:59:18-08:00
geoffrey@gmail.com,5.1915E+12,2023-12-29 12:59:18-08:00
jbutt@gmail.com,5.1915E+12,2023-12-29 12:59:18-08:00
gregory.watson@example.com,5.1915E+12,2023-12-29 12:59:18-08:00
lnestle@hotmail.com,5.1915E+12,2023-12-29 12:59:18-08:00
kimbery_madarang@cox.net,5.1915E+12,2023-12-29 12:59:18-08:00
larae_gudroe@gmail.com,5.1915E+12,2023-12-29 12:59:18-08:00
hoa@sarao.org,5.1915E+12,2023-12-29 12:59:18-08:00
jerry.bryant@example.com,5.1915E+12,2023-12-29 12:59:18-08:00
hhalter@yahoo.com,5.1915E+12,2023-12-29 12:59:18-08:00
lorean.martabano@hotmail.com,5.1915E+12,2023-12-29 12:59:18-08:00
lonny_weglarz@gmail.com,5.1915E+12,2023-12-29 12:59:18-08:00
gpawlowicz@yahoo.com,5.1915E+12,2023-12-29 12:59:18-08:00
lperin@perin.org,5.1915E+12,2023-12-29 12:59:18-08:00
mariann.bilden@aol.com,5.1915E+12,2023-12-29 12:59:18-08:00
lili.paskin@cox.net,5.1915E+12,2023-12-29 12:59:18-08:00
marge@gmail.com,5.1915E+12,2023-12-29 12:59:18-08:00
freeman_gochal@aol.com,5.1915E+12,2023-12-29 12:59:18-08:00
lettie_isenhower@yahoo.com,5.1915E+12,2023-12-29 12:59:18-08:00
lawrence.lorens@hotmail.com,5.1915E+12,2023-12-29 12:59:18-08:00
jacqueline.rowling@yahoo.com,5.1915E+12,2023-12-29 12:59:18-08:00
jgabisi@hotmail.com,5.1915E+12,2023-12-29 12:59:18-08:00
lauren.scott@example.com,5.1915E+12,2023-12-29 12:59:18-08:00
jrhoden@yahoo.com,5.1915E+12,2023-12-29 12:59:18-08:00
jmugnolo@yahoo.com,5.1915E+12,2023-12-29 12:59:18-08:00
josephine_darakjy@darakjy.org,5.1915E+12,2023-12-29 12:59:18-08:00
jina_briddick@briddick.com,5.1915E+12,2023-12-29 12:59:18-08:00
kristeen@gmail.com,5.1915E+12,2023-12-29 12:59:18-08:00
kris@gmail.com,5.1915E+12,2023-12-29 12:59:18-08:00
golda_kaniecki@yahoo.com,5.1915E+12,2023-12-29 12:59:18-08:00
gwenn_suffield@suffield.org,5.1915E+12,2023-12-29 12:59:18-08:00
izetta.funnell@hotmail.com,5.1915E+12,2023-12-29 12:59:18-08:00
ftawil@hotmail.com,5.1915E+12,2023-12-29 12:59:18-08:00
martina_staback@staback.com,5.1915E+12,2023-12-29 12:59:18-08:00
hubert@walthall.org,5.1915E+12,2023-12-29 12:59:18-08:00
joles@gmail.com,5.1915E+12,2023-12-29 12:59:18-08:00
hhaufler@hotmail.com,5.1915E+12,2023-12-29 12:59:18-08:00
jamyot@hotmail.com,5.1915E+12,2023-12-29 12:59:18-08:00
kimberly.evans@example.com,5.1915E+12,2023-12-29 12:59:18-08:00
frederica_blunk@gmail.com,5.1915E+12,2023-12-29 12:59:18-08:00
james.martinez@example.com,5.1915E+12,2023-12-29 12:59:18-08:00
lburnard@burnard.com,5.1915E+12,2023-12-29 12:59:18-08:00
jaclyn@aol.com,5.1915E+12,2023-12-29 12:59:18-08:00
heike@gmail.com,5.1915E+12,2023-12-29 12:59:18-08:00
jshin@shin.com,5.1915E+12,2023-12-29 12:59:18-08:00
lnewville@newville.com,5.1915E+12,2023-12-29 12:59:18-08:00
linn_paa@paa.com,5.1915E+12,2023-12-29 12:59:18-08:00
lashandra@yahoo.com,5.1915E+12,2023-12-29 12:59:18-08:00
juan.griffin@example.com,5.1915E+12,2023-12-29 12:59:18-08:00
ljurney@hotmail.com,5.1915E+12,2023-12-29 12:59:18-08:00
lizbeth@yahoo.com,5.1915E+12,2023-12-29 12:59:18-08:00
jhanafan@gmail.com,5.1915E+12,2023-12-29 12:59:18-08:00
katina_polidori@aol.com,5.1915E+12,2023-12-29 12:59:18-08:00
kerry.theodorov@gmail.com,5.1915E+12,2023-12-29 12:59:18-08:00
garry_keetch@hotmail.com,5.1915E+12,2023-12-29 12:59:18-08:00
lindsey.dilello@hotmail.com,5.1915E+12,2023-12-29 12:59:18-08:00
lucina_lary@cox.net,5.1915E+12,2023-12-29 12:59:18-08:00
kiley.caldarera@aol.com,5.1915E+12,2023-12-29 12:59:18-08:00
lavonda@cox.net,5.1915E+12,2023-12-29 12:59:18-08:00
joni_breland@cox.net,5.1915E+12,2023-12-29 12:59:18-08:00
latrice.tolfree@hotmail.com,5.1915E+12,2023-12-29 12:59:18-08:00
hermila_thyberg@hotmail.com,5.1915E+12,2023-12-29 12:59:18-08:00
mary.thomas@example.com,5.1915E+12,2023-12-29 12:59:18-08:00
mari_lueckenbach@yahoo.com,5.1915E+12,2023-12-29 12:59:18-08:00
harry.hicks@example.com,5.1915E+12,2023-12-29 12:59:18-08:00
glenna_slayton@cox.net,5.1915E+12,2023-12-29 12:59:18-08:00
irma.wolfgramm@hotmail.com,5.1915E+12,2023-12-29 12:59:18-08:00
jason.russell@example.com,5.1915E+12,2023-12-29 12:59:18-08:00
kirk.herritt@aol.com,5.1915E+12,2023-12-29 12:59:18-08:00
gsarbacher@gmail.com,5.1915E+12,2023-12-29 12:59:18-08:00
malcolm_tromblay@cox.net,5.1915E+12,2023-12-29 12:59:18-08:00
loreta.timenez@hotmail.com,5.1915E+12,2023-12-29 12:59:18-08:00
mark.turner@example.com,5.1915E+12,2023-12-29 12:59:18-08:00
joesph_degonia@degonia.org,5.1915E+12,2023-12-29 12:59:18-08:00
kallie.blackwood@gmail.com,5.1915E+12,2023-12-29 12:59:18-08:00
lstuer@cox.net,5.1915E+12,2023-12-29 12:59:18-08:00
lemuel.latzke@gmail.com,5.1915E+12,2023-12-29 12:59:18-08:00
francine_vocelka@vocelka.com,5.1915E+12,2023-12-29 12:59:18-08:00
lilli@aol.com,5.1915E+12,2023-12-29 12:59:18-08:00
iluminada.ohms@yahoo.com,5.1915E+12,2023-12-29 12:59:18-08:00
jfallick@yahoo.com,5.1915E+12,2023-12-29 12:59:18-08:00
laurel@yahoo.com,5.1915E+12,2023-12-29 12:59:18-08:00
lorrine.worlds@worlds.com,5.1915E+12,2023-12-29 12:59:18-08:00
kristel.ehmann@aol.com,5.1915E+12,2023-12-29 12:59:18-08:00
gruta@cox.net,5.1915E+12,2023-12-29 12:59:18-08:00
laurel_reitler@reitler.com,5.1915E+12,2023-12-29 12:59:18-08:00
jbiddy@yahoo.com,5.1915E+12,2023-12-29 12:59:18-08:00
laura.price@example.com,5.1915E+12,2023-12-29 12:59:18-08:00
gertude.witten@gmail.com,5.1915E+12,2023-12-29 12:59:18-08:00
kathleen.bryant@example.com,5.1915E+12,2023-12-29 12:59:18-08:00
lavonna.wolny@hotmail.com,5.1915E+12,2023-12-29 12:59:18-08:00
krauser@cox.net,5.1915E+12,2023-12-29 12:59:18-08:00
lai.gato@gato.org,5.1915E+12,2023-12-29 12:59:18-08:00
llizama@cox.net,5.1915E+12,2023-12-29 12:59:18-08:00
jregusters@regusters.com,5.1915E+12,2023-12-29 12:59:18-08:00
galen@yahoo.com,5.1915E+12,2023-12-29 12:59:18-08:00
loren.asar@aol.com,5.1915E+12,2023-12-29 12:59:18-08:00
elly_morocco@gmail.com,7.1915E+12,2023-12-29 12:59:18-08:00
apinilla@cox.net,7.1915E+12,2023-12-29 12:59:18-08:00
alyce@arias.org,7.1915E+12,2023-12-29 12:59:18-08:00
chau@gmail.com,7.1915E+12,2023-12-29 12:59:18-08:00
dperruzza@perruzza.com,7.1915E+12,2023-12-29 12:59:18-08:00
bsama@cox.net,7.1915E+12,2023-12-29 12:59:18-08:00
dick@yahoo.com,7.1915E+12,2023-12-29 12:59:18-08:00
ammie@corrio.com,7.1915E+12,2023-12-29 12:59:18-08:00
cheryl@haroldson.org,7.1915E+12,2023-12-29 12:59:18-08:00
erinn.canlas@canlas.com,7.1915E+12,2023-12-29 12:59:18-08:00
emily.franklin@example.com,7.1915E+12,2023-12-29 12:59:18-08:00
avery@cox.net,7.1915E+12,2023-12-29 12:59:18-08:00
brhym@rhym.com,7.1915E+12,2023-12-29 12:59:18-08:00
barrett.toyama@toyama.org,7.1915E+12,2023-12-29 12:59:18-08:00
christiane.eschberger@yahoo.com,7.1915E+12,2023-12-29 12:59:18-08:00
csweigard@sweigard.com,7.1915E+12,2023-12-29 12:59:18-08:00
donette.foller@cox.net,7.1915E+12,2023-12-29 12:59:18-08:00
asergi@gmail.com,7.1915E+12,2023-12-29 12:59:18-08:00
angela.hill@example.com,7.1915E+12,2023-12-29 12:59:18-08:00
billye_miro@cox.net,7.1915E+12,2023-12-29 12:59:18-08:00
eden_jayson@yahoo.com,7.1915E+12,2023-12-29 12:59:18-08:00
emclaird@mclaird.com,7.1915E+12,2023-12-29 12:59:18-08:00
charlene.hamilton@hotmail.com,7.1915E+12,2023-12-29 12:59:18-08:00
dennis.simmons@example.com,7.1915E+12,2023-12-29 12:59:18-08:00
fausto_agramonte@yahoo.com,7.1915E+12,2023-12-29 12:59:18-08:00
devora_perez@perez.org,7.1915E+12,2023-12-29 12:59:18-08:00
erick_nievas@aol.com,7.1915E+12,2023-12-29 12:59:18-08:00
doris.matthews@example.com,7.1915E+12,2023-12-29 12:59:18-08:00
denise@patak.org,7.1915E+12,2023-12-29 12:59:18-08:00
eladia@saulter.com,7.1915E+12,2023-12-29 12:59:18-08:00
daron_dinos@cox.net,7.1915E+12,2023-12-29 12:59:18-08:00
chanel.caudy@caudy.org,7.1915E+12,2023-12-29 12:59:18-08:00
amie.perigo@yahoo.com,7.1915E+12,2023-12-29 12:59:18-08:00
dominque.dickerson@dickerson.org,7.1915E+12,2023-12-29 12:59:18-08:00
alaine_bergesen@cox.net,7.1915E+12,2023-12-29 12:59:18-08:00
france.buzick@yahoo.com,7.1915E+12,2023-12-29 12:59:18-08:00
cyril_daufeldt@daufeldt.com,7.1915E+12,2023-12-29 12:59:18-08:00
angella.cetta@hotmail.com,7.1915E+12,2023-12-29 12:59:18-08:00
fpoullion@poullion.com,7.1915E+12,2023-12-29 12:59:18-08:00
dyum@yahoo.com,7.1915E+12,2023-12-29 12:59:18-08:00
caitlin.julia@julia.org,7.1915E+12,2023-12-29 12:59:18-08:00
an_fritz@hotmail.com,7.1915E+12,2023-12-29 12:59:18-08:00
belen_strassner@aol.com,7.1915E+12,2023-12-29 12:59:18-08:00
dean_ketelsen@gmail.com,7.1915E+12,2023-12-29 12:59:18-08:00
britt@galam.org,7.1915E+12,2023-12-29 12:59:18-08:00
annmarie_castros@gmail.com,7.1915E+12,2023-12-29 12:59:18-08:00
benton.skursky@aol.com,7.1915E+12,2023-12-29 12:59:18-08:00
dkines@hotmail.com,7.1915E+12,2023-12-29 12:59:18-08:00
fabiola.hauenstein@hauenstein.org,7.1915E+12,2023-12-29 12:59:18-08:00
amy.hamilton@example.com,7.1915E+12,2023-12-29 12:59:18-08:00
alesia_hixenbaugh@hixenbaugh.org,7.1915E+12,2023-12-29 12:59:18-08:00
choa@hoa.org,7.1915E+12,2023-12-29 12:59:18-08:00
annelle@yahoo.com,7.1915E+12,2023-12-29 12:59:18-08:00
erick.ferencz@aol.com,7.1915E+12,2023-12-29 12:59:18-08:00
arlene_klusman@gmail.com,7.1915E+12,2023-12-29 12:59:18-08:00
audra@kohnert.com,7.1915E+12,2023-12-29 12:59:18-08:00
andrew.murphy@example.com,7.1915E+12,2023-12-29 12:59:18-08:00
annabelle.boord@cox.net,7.1915E+12,2023-12-29 12:59:18-08:00
catarina_gleich@hotmail.com,7.1915E+12,2023-12-29 12:59:18-08:00
clapage@lapage.com,7.1915E+12,2023-12-29 12:59:18-08:00
devorah@hotmail.com,7.1915E+12,2023-12-29 12:59:18-08:00
diana.jenkins@example.com,7.1915E+12,2023-12-29 12:59:18-08:00
eric.flores@example.com,7.1915E+12,2023-12-29 12:59:18-08:00
carey_dopico@dopico.org,7.1915E+12,2023-12-29 12:59:18-08:00
estrella@aol.com,7.1915E+12,2023-12-29 12:59:18-08:00
cherry@lietz.com,7.1915E+12,2023-12-29 12:59:18-08:00
catherine.ford@example.com,7.1915E+12,2023-12-29 12:59:18-08:00
bette_nicka@cox.net,7.1915E+12,2023-12-29 12:59:18-08:00
aliza@aol.com,7.1915E+12,2023-12-29 12:59:18-08:00
ceola.setter@setter.org,7.1915E+12,2023-12-29 12:59:18-08:00
eun@yahoo.com,7.1915E+12,2023-12-29 12:59:18-08:00
alex@loader.com,7.1915E+12,2023-12-29 12:59:18-08:00
claribel_varriano@cox.net,7.1915E+12,2023-12-29 12:59:18-08:00
cordelia_storment@aol.com,7.1915E+12,2023-12-29 12:59:18-08:00
buddy.cloney@yahoo.com,7.1915E+12,2023-12-29 12:59:18-08:00
deandrea@yahoo.com,7.1915E+12,2023-12-29 12:59:18-08:00
ernie_stenseth@aol.com,7.1915E+12,2023-12-29 12:59:18-08:00
brandon.rivera@example.com,7.1915E+12,2023-12-29 12:59:18-08:00
carissa.batman@yahoo.com,7.1915E+12,2023-12-29 12:59:18-08:00
cecilia_colaizzo@colaizzo.com,7.1915E+12,2023-12-29 12:59:18-08:00
doldroyd@aol.com,7.1915E+12,2023-12-29 12:59:18-08:00
alpha@yahoo.com,7.1915E+12,2023-12-29 12:59:18-08:00
daniel.walker@example.com,7.1915E+12,2023-12-29 12:59:18-08:00
ahmed.angalich@angalich.com,7.1915E+12,2023-12-29 12:59:18-08:00
evangelina@aol.com,7.1915E+12,2023-12-29 12:59:18-08:00
candida_corbley@hotmail.com,7.1915E+12,2023-12-29 12:59:18-08:00
felix_hirpara@cox.net,7.1915E+12,2023-12-29 12:59:18-08:00
cathrine.pontoriero@pontoriero.com,7.1915E+12,2023-12-29 12:59:18-08:00
chaya@malvin.com,7.1915E+12,2023-12-29 12:59:18-08:00
ezekiel@chui.com,7.1915E+12,2023-12-29 12:59:18-08:00
emerson.bowley@bowley.org,7.1915E+12,2023-12-29 12:59:18-08:00
bmalet@yahoo.com,7.1915E+12,2023-12-29 12:59:18-08:00
amber_monarrez@monarrez.org,7.1915E+12,2023-12-29 12:59:18-08:00
chantell@yahoo.com,7.1915E+12,2023-12-29 12:59:18-08:00
billy.morgan@example.com,7.1915E+12,2023-12-29 12:59:18-08:00
adell.lipkin@lipkin.com,7.1915E+12,2023-12-29 12:59:18-08:00
carlee.boulter@hotmail.com,7.1915E+12,2023-12-29 12:59:18-08:00
adam.harris@example.com,7.1915E+12,2023-12-29 12:59:18-08:00
beatriz@yahoo.com,7.1915E+12,2023-12-29 12:59:18-08:00
alecia@aol.com,7.1915E+12,2023-12-29 12:59:18-08:00
elza@yahoo.com,7.1915E+12,2023-12-29 12:59:18-08:00
badkin@hotmail.com,7.1915E+12,2023-12-29 12:59:18-08:00
ashley.adams@example.com,7.1915E+12,2023-12-29 12:59:18-08:00
femard@emard.com,7.1915E+12,2023-12-29 12:59:18-08:00
becky.mirafuentes@mirafuentes.com,7.1915E+12,2023-12-29 12:59:18-08:00
emily.brown@example.com,7.1915E+12,2023-12-29 12:59:18-08:00
dalene.riden@aol.com,7.1915E+12,2023-12-29 12:59:18-08:00
beckie.silvestrini@silvestrini.com,7.1915E+12,2023-12-29 12:59:18-08:00
ettie.hoopengardner@hotmail.com,7.1915E+12,2023-12-29 12:59:18-08:00
alease@buemi.com,7.1915E+12,2023-12-29 12:59:18-08:00
chauncey_motley@aol.com,7.1915E+12,2023-12-29 12:59:18-08:00
corinne@loder.org,7.1915E+12,2023-12-29 12:59:18-08:00
bfigeroa@aol.com,7.1915E+12,2023-12-29 12:59:18-08:00
elvera.benimadho@cox.net,7.1915E+12,2023-12-29 12:59:18-08:00
carma@cox.net,7.1915E+12,2023-12-29 12:59:18-08:00
andra@gmail.com,7.1915E+12,2023-12-29 12:59:18-08:00
calbares@gmail.com,7.1915E+12,2023-12-29 12:59:18-08:00
ccookey@cookey.org,7.1915E+12,2023-12-29 12:59:18-08:00
dhidvegi@yahoo.com,7.1915E+12,2023-12-29 12:59:18-08:00
danica_bruschke@gmail.com,7.1915E+12,2023-12-29 12:59:18-08:00
cristal@cox.net,7.1915E+12,2023-12-29 12:59:18-08:00
bbolognia@yahoo.com,7.1915E+12,2023-12-29 12:59:18-08:00
charles.campbell@example.com,7.1915E+12,2023-12-29 12:59:18-08:00
amaclead@gmail.com,7.1915E+12,2023-12-29 12:59:18-08:00
ddhamer@cox.net,7.1915E+12,2023-12-29 12:59:18-08:00
christopher.miller@example.com,7.1915E+12,2023-12-29 12:59:18-08:00
dulce_labreche@yahoo.com,7.1915E+12,2023-12-29 12:59:18-08:00
ckorando@hotmail.com,7.1915E+12,2023-12-29 12:59:18-08:00
bpugh@aol.com,7.1915E+12,2023-12-29 12:59:18-08:00
dottie@hellickson.org,7.1915E+12,2023-12-29 12:59:18-08:00
aonofrio@onofrio.com,7.1915E+12,2023-12-29 12:59:18-08:00
flo.bookamer@cox.net,7.1915E+12,2023-12-29 12:59:18-08:00
bobby.sanchez@example.com,7.1915E+12,2023-12-29 12:59:18-08:00
allene_iturbide@cox.net,7.1915E+12,2023-12-29 12:59:18-08:00
egwalthney@yahoo.com,7.1915E+12,2023-12-29 12:59:18-08:00
arthur.farrow@yahoo.com,7.1915E+12,2023-12-29 12:59:18-08:00
dalene@schoeneck.org,7.1915E+12,2023-12-29 12:59:18-08:00
cristy@lother.com,7.1915E+12,2023-12-29 12:59:18-08:00
adelina_nabours@gmail.com,7.1915E+12,2023-12-29 12:59:18-08:00
bulah_padilla@hotmail.com,7.1915E+12,2023-12-29 12:59:18-08:00
deeanna_juhas@gmail.com,7.1915E+12,2023-12-29 12:59:18-08:00
fletcher.flosi@yahoo.com,7.1915E+12,2023-12-29 12:59:18-08:00
cecily@hollack.org,7.1915E+12,2023-12-29 12:59:18-08:00
bok.isaacs@aol.com,7.1915E+12,2023-12-29 12:59:18-08:00
art@venere.org,7.1915E+12,2023-12-29 12:59:18-08:00
detra@aol.com,7.1915E+12,2023-12-29 12:59:18-08:00
brett.mccullan@mccullan.com,7.1915E+12,2023-12-29 12:59:18-08:00
delisa.crupi@crupi.com,7.1915E+12,2023-12-29 12:59:18-08:00
earleen_mai@cox.net,7.1915E+12,2023-12-29 12:59:18-08:00
cory.gibes@gmail.com,7.1915E+12,2023-12-29 12:59:18-08:00
aja_gehrett@hotmail.com,7.1915E+12,2023-12-29 12:59:18-08:00
dcomnick@cox.net,7.1915E+12,2023-12-29 12:59:18-08:00
arminda@parvis.com,7.1915E+12,2023-12-29 12:59:18-08:00
carmelina_lindall@lindall.com,7.1915E+12,2023-12-29 12:59:18-08:00
david.lee@example.com,7.1915E+12,2023-12-29 12:59:18-08:00
deonna_kippley@hotmail.com,7.1915E+12,2023-12-29 12:59:18-08:00
ajeanty@gmail.com,7.1915E+12,2023-12-29 12:59:18-08:00
delmy.ahle@hotmail.com,7.1915E+12,2023-12-29 12:59:18-08:00
dorothy@cox.net,7.1915E+12,2023-12-29 12:59:18-08:00
caprice@aol.com,7.1915E+12,2023-12-29 12:59:18-08:00
dweirather@aol.com,7.1915E+12,2023-12-29 12:59:18-08:00
casie.good@aol.com,7.1915E+12,2023-12-29 12:59:18-08:00
nu@gmail.com,8.1916E+12,2023-12-29 12:59:18-08:00
thurman.manno@yahoo.com,8.1916E+12,2023-12-29 12:59:18-08:00
rasheeda@aol.com,8.1916E+12,2023-12-29 12:59:18-08:00
wacuff@gmail.com,8.1916E+12,2023-12-29 12:59:18-08:00
sue@aol.com,8.1916E+12,2023-12-29 12:59:18-08:00
philip.simmons@example.com,8.1916E+12,2023-12-29 12:59:18-08:00
tracey@hotmail.com,8.1916E+12,2023-12-29 12:59:18-08:00
stephen_emigh@hotmail.com,8.1916E+12,2023-12-29 12:59:18-08:00
rodolfo@hotmail.com,8.1916E+12,2023-12-29 12:59:18-08:00
nan@koppinger.com,8.1916E+12,2023-12-29 12:59:18-08:00
yolando@cox.net,8.1916E+12,2023-12-29 12:59:18-08:00
nana@aol.com,8.1916E+12,2023-12-29 12:59:18-08:00
micaela_rhymes@gmail.com,8.1916E+12,2023-12-29 12:59:18-08:00
tfeichtner@yahoo.com,8.1916E+12,2023-12-29 12:59:18-08:00
xuan@gmail.com,8.1916E+12,2023-12-29 12:59:18-08:00
rosio.cork@gmail.com,8.1916E+12,2023-12-29 12:59:18-08:00
talia_riopelle@aol.com,8.1916E+12,2023-12-29 12:59:18-08:00
mitzie_hudnall@yahoo.com,8.1916E+12,2023-12-29 12:59:18-08:00
patricia.barnes@example.com,8.1916E+12,2023-12-29 12:59:18-08:00
melissa@cox.net,8.1916E+12,2023-12-29 12:59:18-08:00
rgesick@gesick.org,8.1916E+12,2023-12-29 12:59:18-08:00
mirta_mallett@gmail.com,8.1916E+12,2023-12-29 12:59:18-08:00
mknipp@gmail.com,8.1916E+12,2023-12-29 12:59:18-08:00
viva.toelkes@gmail.com,8.1916E+12,2023-12-29 12:59:18-08:00
raymon.calvaresi@gmail.com,8.1916E+12,2023-12-29 12:59:18-08:00
tegan.arceo@arceo.org,8.1916E+12,2023-12-29 12:59:18-08:00
van.shire@shire.com,8.1916E+12,2023-12-29 12:59:18-08:00
michael.johnson@example.com,8.1916E+12,2023-12-29 12:59:18-08:00
roslyn.chavous@chavous.org,8.1916E+12,2023-12-29 12:59:18-08:00
nichelle_meteer@meteer.com,8.1916E+12,2023-12-29 12:59:18-08:00
ruthann@hotmail.com,8.1916E+12,2023-12-29 12:59:18-08:00
mattie@aol.com,8.1916E+12,2023-12-29 12:59:18-08:00
paris@hotmail.com,8.1916E+12,2023-12-29 12:59:18-08:00
szagen@aol.com,8.1916E+12,2023-12-29 12:59:18-08:00
melissa.griffin@example.com,8.1916E+12,2023-12-29 12:59:18-08:00
ryan.king@example.com,8.1916E+12,2023-12-29 12:59:18-08:00
shalon@cox.net,8.1916E+12,2023-12-29 12:59:18-08:00
trinidad_mcrae@yahoo.com,8.1916E+12,2023-12-29 12:59:18-08:00
zona@hotmail.com,8.1916E+12,2023-12-29 12:59:18-08:00
twenner@aol.com,8.1916E+12,2023-12-29 12:59:18-08:00
rozella.ostrosky@ostrosky.com,8.1916E+12,2023-12-29 12:59:18-08:00
oshealy@hotmail.com,8.1916E+12,2023-12-29 12:59:18-08:00
whitley.tomasulo@aol.com,8.1916E+12,2023-12-29 12:59:18-08:00
rolland@cox.net,8.1916E+12,2023-12-29 12:59:18-08:00
sara.mitchell@example.com,7.1915E+12,2023-12-29 12:59:18-08:00
ronny.caiafa@caiafa.org,8.1916E+12,2023-12-29 12:59:18-08:00
willard@hotmail.com,8.1916E+12,2023-12-29 12:59:18-08:00
penney_weight@aol.com,8.1916E+12,2023-12-29 12:59:18-08:00
norah.waymire@gmail.com,8.1916E+12,2023-12-29 12:59:18-08:00
tiffiny_steffensmeier@cox.net,8.1916E+12,2023-12-29 12:59:18-08:00
sheron@aol.com,8.1916E+12,2023-12-29 12:59:18-08:00
venita_maillard@gmail.com,8.1916E+12,2023-12-29 12:59:18-08:00
meaghan@hotmail.com,8.1916E+12,2023-12-29 12:59:18-08:00
yuki_whobrey@aol.com,8.1916E+12,2023-12-29 12:59:18-08:00
sabra@uyetake.org,8.1916E+12,2023-12-29 12:59:18-08:00
sage_wieser@cox.net,8.1916E+12,2023-12-29 12:59:18-08:00
nieves_gotter@gmail.com,8.1916E+12,2023-12-29 12:59:18-08:00
renea@hotmail.com,8.1916E+12,2023-12-29 12:59:18-08:00
terrilyn.rodeigues@cox.net,8.1916E+12,2023-12-29 12:59:18-08:00
steven.foster@example.com,8.1916E+12,2023-12-29 12:59:18-08:00
twana.felger@felger.org,8.1916E+12,2023-12-29 12:59:18-08:00
vkiel@hotmail.com,8.1916E+12,2023-12-29 12:59:18-08:00
winfred_brucato@hotmail.com,8.1916E+12,2023-12-29 12:59:18-08:00
natalie.fern@hotmail.com,8.1916E+12,2023-12-29 12:59:18-08:00
mraymo@yahoo.com,8.1916E+12,2023-12-29 12:59:18-08:00
simona@morasca.com,8.1916E+12,2023-12-29 12:59:18-08:00
rima@cox.net,8.1916E+12,2023-12-29 12:59:18-08:00
reita.leto@gmail.com,8.1916E+12,2023-12-29 12:59:18-08:00
sharika.eanes@aol.com,8.1916E+12,2023-12-29 12:59:18-08:00
oretha_menter@yahoo.com,8.1916E+12,2023-12-29 12:59:18-08:00
wkusko@yahoo.com,8.1916E+12,2023-12-29 12:59:18-08:00
rebecca.gomez@example.com,8.1916E+12,2023-12-29 12:59:18-08:00
twardrip@cox.net,8.1916E+12,2023-12-29 12:59:18-08:00
rkampa@kampa.org,8.1916E+12,2023-12-29 12:59:18-08:00
viola@gmail.com,8.1916E+12,2023-12-29 12:59:18-08:00
portia.stimmel@aol.com,8.1916E+12,2023-12-29 12:59:18-08:00
stephaine@cox.net,8.1916E+12,2023-12-29 12:59:18-08:00
merilyn_bayless@cox.net,8.1916E+12,2023-12-29 12:59:18-08:00
mroyster@royster.com,8.1916E+12,2023-12-29 12:59:18-08:00
novella_degroot@degroot.org,8.1916E+12,2023-12-29 12:59:18-08:00
stephanie.mitchell@example.com,8.1916E+12,2023-12-29 12:59:18-08:00
tawna@gmail.com,8.1916E+12,2023-12-29 12:59:18-08:00
reena@hotmail.com,8.1916E+12,2023-12-29 12:59:18-08:00
skarpel@cox.net,8.1916E+12,2023-12-29 12:59:18-08:00
mitsue_tollner@yahoo.com,8.1916E+12,2023-12-29 12:59:18-08:00
mmunns@cox.net,8.1916E+12,2023-12-29 12:59:18-08:00
rickie.plumer@aol.com,8.1916E+12,2023-12-29 12:59:18-08:00
wynell_dorshorst@dorshorst.org,8.1916E+12,2023-12-29 12:59:18-08:00
sylvie@aol.com,8.1916E+12,2023-12-29 12:59:18-08:00
skye_fillingim@yahoo.com,8.1916E+12,2023-12-29 12:59:18-08:00
vinouye@aol.com,8.1916E+12,2023-12-29 12:59:18-08:00
yvonne.tjepkema@hotmail.com,8.1916E+12,2023-12-29 12:59:18-08:00
nickolas_juvera@cox.net,8.1916E+12,2023-12-29 12:59:18-08:00
matthew.hernandez@example.com,8.1916E+12,2023-12-29 12:59:18-08:00
vzepp@gmail.com,8.1916E+12,2023-12-29 12:59:18-08:00
sbourbon@yahoo.com,8.1916E+12,2023-12-29 12:59:18-08:00
stephaine@barfield.com,8.1916E+12,2023-12-29 12:59:18-08:00
vmondella@mondella.com,8.1916E+12,2023-12-29 12:59:18-08:00
rolande.spickerman@spickerman.com,8.1916E+12,2023-12-29 12:59:18-08:00
yoko@fishburne.com,8.1916E+12,2023-12-29 12:59:18-08:00
selma.husser@cox.net,8.1916E+12,2023-12-29 12:59:18-08:00
stevie.westerbeck@yahoo.com,8.1916E+12,2023-12-29 12:59:18-08:00
pamella.schmierer@schmierer.org,8.1916E+12,2023-12-29 12:59:18-08:00
roselle.estell@hotmail.com,8.1916E+12,2023-12-29 12:59:18-08:00
sharee_maile@aol.com,8.1916E+12,2023-12-29 12:59:18-08:00
mireya.frerking@hotmail.com,8.1916E+12,2023-12-29 12:59:18-08:00
shonda_greenbush@cox.net,8.1916E+12,2023-12-29 12:59:18-08:00
steven.gonzales@example.com,8.1916E+12,2023-12-29 12:59:18-08:00
tammy.perry@example.com,8.1916E+12,2023-12-29 12:59:18-08:00
theodora.restrepo@restrepo.com,8.1916E+12,2023-12-29 12:59:18-08:00
noah.kalafatis@aol.com,8.1916E+12,2023-12-29 12:59:18-08:00
samantha.phillips@example.com,8.1916E+12,2023-12-29 12:59:18-08:00
qbirkner@aol.com,8.1916E+12,2023-12-29 12:59:18-08:00
tfrankel@aol.com,8.1916E+12,2023-12-29 12:59:18-08:00
nobuko.halsey@yahoo.com,8.1916E+12,2023-12-29 12:59:18-08:00
roxane@hotmail.com,8.1916E+12,2023-12-29 12:59:18-08:00
pdubaldi@hotmail.com,8.1916E+12,2023-12-29 12:59:18-08:00
timothy_mulqueen@mulqueen.org,8.1916E+12,2023-12-29 12:59:18-08:00
theola_frey@frey.com,8.1916E+12,2023-12-29 12:59:18-08:00
sarah.candlish@gmail.com,8.1916E+12,2023-12-29 12:59:18-08:00
tamar@hotmail.com,8.1916E+12,2023-12-29 12:59:18-08:00
xdiscipio@gmail.com,8.1916E+12,2023-12-29 12:59:18-08:00
tsmith@aol.com,8.1916E+12,2023-12-29 12:59:18-08:00
mscipione@scipione.com,8.1916E+12,2023-12-29 12:59:18-08:00
scott.diaz@example.com,8.1916E+12,2023-12-29 12:59:18-08:00
sheridan.zane@zane.com,8.1916E+12,2023-12-29 12:59:18-08:00
vklimek@klimek.org,8.1916E+12,2023-12-29 12:59:18-08:00
rikki@nayar.com,8.1916E+12,2023-12-29 12:59:18-08:00
rpapasergi@cox.net,8.1916E+12,2023-12-29 12:59:18-08:00
virgina_tegarden@tegarden.com,8.1916E+12,2023-12-29 12:59:18-08:00
wendy.butler@example.com,8.1916E+12,2023-12-29 12:59:18-08:00
refugia.jacobos@jacobos.com,8.1916E+12,2023-12-29 12:59:18-08:00
staci_schmaltz@aol.com,8.1916E+12,2023-12-29 12:59:18-08:00
sarah.wilson@example.com,8.1916E+12,2023-12-29 12:59:18-08:00
shawna_palaspas@palaspas.org,8.1916E+12,2023-12-29 12:59:18-08:00
olive@aol.com,8.1916E+12,2023-12-29 12:59:18-08:00
mollie_mcdoniel@yahoo.com,8.1916E+12,2023-12-29 12:59:18-08:00
rachel.gonzalez@example.com,8.1916E+12,2023-12-29 12:59:18-08:00
michelle.carter@example.com,8.1916E+12,2023-12-29 12:59:18-08:00
paz_sahagun@cox.net,8.1916E+12,2023-12-29 12:59:18-08:00
vincent.meinerding@hotmail.com,8.1916E+12,2023-12-29 12:59:18-08:00
vrentfro@cox.net,8.1916E+12,2023-12-29 12:59:18-08:00
willodean_konopacki@konopacki.org,8.1916E+12,2023-12-29 12:59:18-08:00
ryan@cox.net,8.1916E+12,2023-12-29 12:59:18-08:00
teddy_pedrozo@aol.com,8.1916E+12,2023-12-29 12:59:18-08:00
tankeny@ankeny.org,8.1916E+12,2023-12-29 12:59:18-08:00
sherita.saras@cox.net,8.1916E+12,2023-12-29 12:59:18-08:00
mneither@yahoo.com,8.1916E+12,2023-12-29 12:59:18-08:00
mlayous@hotmail.com,8.1916E+12,2023-12-29 12:59:18-08:00
valentine_gillian@gmail.com,8.1916E+12,2023-12-29 12:59:18-08:00
stephane_myricks@cox.net,8.1916E+12,2023-12-29 12:59:18-08:00
solange@shinko.com,8.1916E+12,2023-12-29 12:59:18-08:00
scarlet.cartan@yahoo.com,8.1916E+12,2023-12-29 12:59:18-08:00
shawnda.yori@yahoo.com,8.1916E+12,2023-12-29 12:59:18-08:00
shenika@gmail.com,8.1916E+12,2023-12-29 12:59:18-08:00
vberlanga@berlanga.com,8.1916E+12,2023-12-29 12:59:18-08:00
maurine_yglesias@yglesias.com,8.1916E+12,2023-12-29 12:59:18-08:00
wilda@cox.net,8.1916E+12,2023-12-29 12:59:18-08:00
mmastella@mastella.com,8.1916E+12,2023-12-29 12:59:18-08:00
merlyn_lawler@hotmail.com,8.1916E+12,2023-12-29 12:59:18-08:00
raina.brachle@brachle.org,8.1916E+12,2023-12-29 12:59:18-08:00
peggie@cox.net,8.1916E+12,2023-12-29 12:59:18-08:00
nelida@gmail.com,8.1916E+12,2023-12-29 12:59:18-08:00